user_pseudo_id,experiment_number,experiment_group,name,medium,country,mobile_model_name,operating_system_version
04c8ce348aef1ebe92cd7486629cbd31,,,,organic,Venezuela,,Android 14
083a6b3065d0e435c4816456bcbfd6dc,,,,organic,Russia,,Android 13
14f0acd99410701700d5bfd14c718981,,,,organic,Russia,,Android 13
260fe876a78a3cbd44d9afe31c62a43b,,,HEX (GA) - Globe #adROAS,cpc,Russia,,Android 13
2dfd8a2dc25d2255a180b64aa93f6687,,,fb4a,,France,,Android 14
2f3c170d804fe09a10ee3cee7aa43b95,,,HEX (GA) - T1 #hybridROAS,cpc,Japan,,Android 13
39c9d44b8b1d891c56321b4b776ff6ed,,,,organic,United States,,Android 13
4162b6730765d92b50a7f92ce83e8b11,,,,organic,Russia,,Android 13
452f1d98613973289ddfb182fb81f0ac,,,(direct),(none),United States,,Android 12
47ce3ac45ea5bd0fdc286228c6afa1d4,,,HEX (GA) - T1 #hybridROAS,cpc,Japan,,Android 14
6493acd7cf3248efef150a5eebf2eacd,,,,organic,Russia,,Android 8.1.0
7105d2cedf36542ce371d1922c43a687,,,(direct),(none),South Korea,,Android 15
7aea34321300cff2a2c55df336ce5bd4,,,,organic,Brazil,,Android 13
7cd54a28111c732c37b0fc6d3cad6cf5,,,HEX (GA) - Globe #adROAS,cpc,Russia,,Android 14
81b5b42142f94f67c9d5f45bbde63e9b,,,HEX (GA) - Globe #adROAS,cpc,Ukraine,,Android 10
849cd4ca669f2d7d622c3d7f0946116c,,,,organic,Brazil,Google,Android 13
a69e215b799b82805589c355c9d07023,,,HEX (GA) - Globe #adROAS,cpc,Brazil,,Android 14
aa867c3eb26709d5781ef27a630868e8,,,HEX (GA) - Globe #adROAS,cpc,Poland,,Android 13
b2836c73a84316d5c2a012af938889a1,,,,organic,United Kingdom,,Android 13
bbad8eb6b5143a50318cca08096469be,,,(direct),(none),United States,,Android 14
bbc2a96c56df4b71805688a870f8fd9f,,,,organic,United States,,Android 11
ca6c43dba7227cd353ce6ae86f706782,,,HEX (GA) - Globe #adROAS,cpc,United States,,Android 12
dad9d0e7988a74009c85252a2b16f04d,,,HEX (GA) - Globe #adROAS,cpc,South Korea,,Android 15
e9264724b58f28496e79474b8475261f,,,,organic,Russia,,Android 11
faca756733d64034755aa3b33b3cfa10,,,HEX (GA) - Globe #adROAS,cpc,United States,,Android 15
ff5dcd66464f9f58e68ad5134bc210a8,,,HEX (GA) - Globe #adROAS,cpc,Poland,,Android 12
6a51f75355394c3db91d5526feb07d72,,,,organic,Russia,Vivo,Android 11
251d30518d09ae7b461c0860a24ac244,,,,organic,Philippines,Vivo,Android 12
ef4a622abb521ac09058714958cea218,,,,organic,Malaysia,Vivo,Android 12
53f3b7b134d7a9d2cc64a7d1658c75c8,,,HEX (GA) - Globe #adROAS,cpc,Kazakhstan,Xiaomi,Android 13
4c59e2f1577609291c5bd9d40f924e2a,,,,organic,Spain,Xiaomi,Android 13
56d102bf526a75f568679b7b2d748c47,,,,organic,Russia,Xiaomi,Android 13
9d57de43bcbb73c8c0c686a088efe0db,,,,organic,Czechia,Xiaomi,Android 13
6341064df058b759d5afe466fbe044c0,,,HEX (GA) - Globe #adROAS,cpc,Thailand,Xiaomi,Android 14
b17e11e71a9be8f9060b8c46e3bfd082,,,,organic,Russia,Xiaomi,Android 14
ba0a3b583bbaa2e01a0cc03912046baf,,,(direct),(none),Germany,Xiaomi,Android 14
b22a06cb5afa739499873c7eb737d1b7,,,(direct),(none),Germany,Xiaomi,Android 14
203213dc1abd09146fc61f56d4732951,,,,cpc,France,Xiaomi,Android 13
8ba4aff685f312d591f43045d03799fd,,,HEX (GA) - T1 #hybridROAS,cpc,United Kingdom,Xiaomi,Android 13
f5a57d297f5df1e60106ee6ff78191d8,,,,organic,Russia,Xiaomi,Android 14
a0ec6c1791563e23537e2826f107d892,,,,organic,Ukraine,Xiaomi,Android 11
9657550c90da87731a76d8d046b993a2,,,,organic,Czechia,Xiaomi,Android 13
b03155b745340e3692f93d518416a5a0,,,HEX (GA) - Globe #adROAS,cpc,Italy,Xiaomi,Android 11
326607d0aaa0faeb3fb8ee640e2fbca9,,,,organic,Spain,Xiaomi,Android 13
d425cd08ad1c8d217d1cdb5f9b3d50e4,,,,organic,Russia,Xiaomi,Android 13
337afec361669a1e8ac9169fec69c823,,,,organic,Denmark,Xiaomi,Android 11
7c90f6fc5c29877cdbd787df6d5489b0,,,,organic,Sweden,Xiaomi,Android 13
9c28a7109f48cc3be125a6bbf95d2ecd,,,,organic,Germany,Xiaomi,Android 11
0e99ce58e9f8708486ecb20144a20821,,,,organic,Brazil,POCO,Android 13
6a9b8fe107c73c2adbfb70a4a7ba407d,,,(direct),(none),Russia,POCO,Android 13
b2943f780e96bdc4a720d6f28545579a,,,HEX (GA) - Globe #adROAS,cpc,Germany,POCO,Android 13
f5bd50b2bc980d83a23bf79f0f7ee32c,,,HEX (GA) - Globe #adROAS,cpc,United Kingdom,POCO,Android 13
ca292cbadbd8781bc2ac6fdb870cb818,,,,organic,Venezuela,Xiaomi,Android 13
4f93f512aeeeb86e49a52a9e8b870259,,,ig4a,,Germany,Xiaomi,Android 13
79bade9f77b8624764afa2f5cda9a884,,,,organic,Türkiye,Xiaomi,Android 13
aae87cee5618d77b4c1e539838c8c4af,,,,organic,Russia,Xiaomi,Android 13
4645303f9c7739ce42e1a01a356b5d31,,,HEX (GA) - Globe #adROAS,cpc,Belarus,Xiaomi,Android 13
09c2fc49411db90bea3153f3f59e6993,,,(direct),(none),Germany,Xiaomi,Android 13
a2ab690084e85143cdb8dedcb935b984,,,,organic,Russia,Xiaomi,Android 13
7324987618a37df76a59c0d28b646f06,,,HEX (GA) - Globe #adROAS,cpc,Kazakhstan,Xiaomi,Android 13
eb685252a1da231d4bb9424f91f96b43,,,,organic,Brazil,Xiaomi,Android 14
1a87aeb4eb22537f78aa9bec9ea0fe6c,,,,organic,Belarus,Xiaomi,Android 11
9d5aa63db66de4f4c08a1879f73738fd,,,HEX (GA) - Globe #adROAS,cpc,Belarus,Xiaomi,Android 13
dbb90ea6e2e63f8e28ed6dfea900da84,,,HEX (GA) - Globe #adROAS,cpc,Brazil,Xiaomi,Android 13
e9c4c1b6f6882cac95ab04e2717253af,,,HEX (GA) - Globe #adROAS,cpc,Thailand,Xiaomi,Android 13
67948192ded83ebd32ac4287a13736ae,,,HEX (GA) - Globe #adROAS,cpc,Russia,Xiaomi,Android 13
95cdb931b5efb7f66023cdff0112a48c,,,,organic,Russia,Xiaomi,Android 12
bd7019af83b2213c529831c9a5ec25af,,,,organic,Russia,Xiaomi,Android 13
c2270fcac075468e254dbdc217842a24,,,,organic,France,Xiaomi,Android 11
fd51a24866271f89293f8fde8e9d0afe,,,,organic,Spain,Xiaomi,Android 13
fa5c4f04aae014e3bed557bcbbaca076,,,,organic,Russia,Xiaomi,Android 11
9713e064366f474306cfa4ed96082223,,,HEX (GA) - Globe #adROAS,cpc,Spain,Xiaomi,Android 14
af08d973b5a5b5fd484bbbd17f1d6b53,,,,organic,Russia,Xiaomi,Android 12
909d8d84f1f19879396ed51ece5bee97,,,,organic,Russia,Xiaomi,Android 13
b4951a8f1cb71edd72046a49633f04b4,,,,organic,Brazil,Xiaomi,Android 13
aba9e015bfee5949a6fdc5193ece3732,,,,organic,Russia,Xiaomi,Android 14
d3344158bdbd8cd4cd63a70b165459bc,,,HEX (GA) - Globe #adROAS,cpc,Indonesia,Xiaomi,Android 14
ed9ed61d81a8244eee2e676d47fe7b0c,,,,cpc,Germany,Xiaomi,Android 14
134213cdaf0759b7d56c3f922dc5ea6d,,,(direct),(none),Russia,Xiaomi,Android 14
7311b763bcd5bb5913440ccb4e1cc826,,,,cpc,Germany,Xiaomi,Android 14
8930f25ac7aa327528152560155e31fb,,,HEX (GA) - Globe #adROAS,cpc,Germany,Xiaomi,Android 14
a05c693e27564526d780fb15fabae6cb,,,,organic,Netherlands,Xiaomi,Android 13
0f0d535e85230015f786157ab5659dd7,,,,cpc,Germany,Xiaomi,Android 13
1c77ff00297ffd5dd2640db6d7246c02,,,HEX (GA) - Globe #adROAS,cpc,Kazakhstan,Xiaomi,Android 12
4c50dff8f87fe19316960c9b9f387c61,,,HEX (GA) - Globe #adROAS,cpc,Ukraine,Xiaomi,Android 13
a39889a4db2dd1f990d0080c01b9b286,,,,organic,Russia,Xiaomi,Android 12
ec36b1742d929989516d855840293cb1,,,HEX (GA) - Globe #adROAS,cpc,Ukraine,Xiaomi,Android 13
031938d893b548c8a6745960fc8a3d58,,,,organic,Uzbekistan,Xiaomi,Android 14
a8238fb24abc7e598f7448d58f72a009,,,,organic,Russia,Xiaomi,Android 14
37b27004be0a1712c222d4c5630f613d,,,,organic,Thailand,Xiaomi,Android 14
cd7dbd0db944ba72ecb50c31b126fb7b,,,HEX (GA) - Globe #adROAS,cpc,Slovakia,Xiaomi,Android 14
1743bf7534f85f168b970dadc4d0549e,,,,organic,France,Xiaomi,Android 14
06095a52cd054587355f26e348a2ecc4,,,HEX (GA) - Globe #adROAS,cpc,Russia,Xiaomi,Android 14
f00dd173225793a48174b268c969c58d,,,,organic,Ukraine,Xiaomi,Android 14
0faff48b88f93b2c12ec156874fecd84,,,,organic,Germany,Xiaomi,Android 14
be729feef6e1c9ae212b1aa73d388666,,,,organic,Brazil,Xiaomi,Android 14
76c8aa8a3bbcfdd47a7d1978ab670aff,,,,organic,Russia,Xiaomi,Android 12
79dc101c7b2cc5766d729b0c8bf97640,,,,organic,Portugal,Xiaomi,Android 14
7ffe7bd3fa6d309633151c3d5785fa91,,,,organic,Russia,Xiaomi,Android 14
a159fe327d9cdc941651bda41203ecb5,,,,organic,Russia,Xiaomi,Android 12
c8a3318903ad3f44db204d49fd470478,,,,organic,Hungary,Xiaomi,Android 13
d8c4449bd7049219e38ab0e573e16072,,,,organic,Russia,Xiaomi,Android 13
7164d115d538c972701953bc07def476,,,,organic,Russia,Xiaomi,Android 14
21a27dd4dd4d88004f2ef6eeeb2959fe,,,,organic,Belarus,Xiaomi,Android 14
06ab77ac957aa58e11f65d8777029e95,,,,organic,Brazil,Xiaomi,Android 13
7806943e86c41b3c8160ed7c929fe40d,,,HEX (GA) - Globe #adROAS,cpc,Moldova,Xiaomi,Android 13
2fd4acd9da3d10837abe68b33f8be6ab,,,,organic,Russia,Xiaomi,Android 13
cb77c8013dc1b679fcb901c346d0c4e7,,,,organic,Austria,Xiaomi,Android 14
66d83fe841c98d40fc596be69c808f53,,,HEX (GA) - Globe #adROAS,cpc,Colombia,Xiaomi,Android 13
7c971980dfcce38edea530cfffa503d4,,,HEX (GA) - Globe #adROAS,cpc,Costa Rica,Xiaomi,Android 13
0294cd86e966746f934f402f8a67a862,,,,organic,United States,Xiaomi,Android 14
8de56189532622c8110061f4f58dcf81,,,HEX (GA) - Globe #adROAS,cpc,Philippines,Xiaomi,Android 14
0e5c480e639e6081614523a018e58cc7,,,HEX (GA) - Globe #adROAS,cpc,Brazil,Xiaomi,Android 14
28910022ace650e0753985370933f264,,,,organic,Sweden,Xiaomi,Android 14
62a86960df43cf1582377784abce96ed,,,,organic,Poland,Xiaomi,Android 13
28741cd17f5d2bde541951e63bf2c41a,,,(direct),(none),South Korea,Xiaomi,Android 14
a57b8e11568dd6bdf2dbcd08485f4e7e,,,HEX (GA) - T1 #hybridROAS,cpc,South Korea,Xiaomi,Android 14
22679d1460ad0c4527d5160d6bab3138,,,,organic,Kazakhstan,Xiaomi,Android 13
9b2158a642546754bc1a03634c001e82,,,,organic,Russia,Xiaomi,Android 14
9c4e78ef8125955b99be1952b169ca99,,,,organic,Myanmar (Burma),Xiaomi,Android 14
14d0ac17e6a2c9963ebc3fefe9243321,,,HEX (GA) - Globe #adROAS,cpc,Poland,Xiaomi,Android 14
742bba33df2efa7d0353f3e87db67e72,,,,organic,Italy,Xiaomi,Android 15
c44f5bea83e55433f48ab24a82ff1ab7,,,,organic,Ukraine,Xiaomi,Android 14
eba3e1a88cdba1f3ad8d03fccb726af6,,,,organic,Russia,Xiaomi,Android 15
4c0b10b9b7edcba6545efab3f3530d7f,,,HEX (GA) - Globe #adROAS,cpc,France,Xiaomi,Android 14
0407de75bbc5d013bbfa58f25ff123dd,,,HEX (GA) - Globe #adROAS,cpc,Greece,Xiaomi,Android 13
4733e325f50dd821ea3c6cea4e74e76e,,,,organic,Germany,Xiaomi,Android 14
d230d8f8b5addaa00e649721f27ff51b,,,,organic,Russia,Xiaomi,Android 13
a03822f8536c0bce43bfff8269b46c39,,,,organic,France,Xiaomi,Android 13
1ce24db8e4b6ded1af7115a915b4ec86,,,HEX (GA) - Globe #adROAS,cpc,Malaysia,Xiaomi,Android 14
21bffbce3979440a42f3a784a9272e32,,,HEX (GA) - Globe #adROAS,cpc,Lithuania,Xiaomi,Android 15
618fa3769e5b81023a7202df3a35de80,,,HEX (GA) - Globe #adROAS,cpc,Poland,Xiaomi,Android 14
a45f37575f1cbc36f251712fba62075f,,,,organic,Russia,Xiaomi,Android 14
51e09a8179ef7e5f1a49c6f65dbe2442,,,(direct),(none),Belgium,Xiaomi,Android 14
b717110d00490b51ac0f83c7db3490af,,,(direct),(none),Germany,Xiaomi,Android 15
611e9542ea76e95eb3cfc6d494cdc037,,,,organic,Vietnam,Xiaomi,Android 14
1a2f5edde561da17eca50c6f2ce792b1,,,,organic,Russia,Xiaomi,Android 13
375e9209dd82e9335e3224a3fc16aece,,,HEX (GA) - Globe #adROAS,cpc,Italy,Xiaomi,Android 13
56f241db9ef3b2685b3e393d83053f5d,,,,organic,France,Xiaomi,Android 15
588f26f187d4187b795b25231940141e,,,HEX (GA) - Globe #adROAS,cpc,Ukraine,Xiaomi,Android 15
5fff0ed89c0721d3a68f6b7f55e4da87,,,,organic,Indonesia,Xiaomi,Android 13
755ebd08736f7ef00da604d70da4cc59,,,,cpc,Spain,Xiaomi,Android 14
7992c4c8cd6255dde546f072bc2c1c4b,,,,organic,Russia,Xiaomi,Android 14
b33fb9c57e8526bbe65d4d4c18829a61,,,,organic,Russia,Xiaomi,Android 14
186129818e1fb2e422c2375c11eef32c,,,,organic,Greece,Xiaomi,Android 15
646c4a5612a416e0c7e95af2f7e82f2c,,,HEX (GA) - Globe #adROAS,cpc,Brazil,Xiaomi,Android 14
702203d3a55529ea5c9f2b137f5330fa,,,,organic,Russia,Xiaomi,Android 14
7764a99ed35555291e0eef05ca49b5c0,,,,organic,Russia,Xiaomi,Android 14
cb9378bc4bb82ccbe2660b4f20e8a1ac,,,HEX (GA) - Globe #adROAS,cpc,Indonesia,Xiaomi,Android 14
f38b554c06ef22b9c04063b50fa970f3,,,HEX (GA) - Globe #adROAS,cpc,Brazil,Xiaomi,Android 15
119015fbdb2e4b4f93283c3173818751,,,,organic,Russia,Xiaomi,Android 13
5c8db7ebd545e3dd55a18cd1ad97fdd0,,,HEX (GA) - Globe #adROAS,cpc,Ukraine,Xiaomi,Android 14
bfa100d3cd09365393b1695d1082732e,,,,organic,Russia,Xiaomi,Android 14
c79cff9b8d105deb37cdfa015314a665,,,,organic,Paraguay,Xiaomi,Android 14
e2ef0cf5736cc773f8fa48554bd7cea7,,,HEX (GA) - Globe #adROAS,cpc,Netherlands,Xiaomi,Android 14
130dc50c8a04419dfe403faeb8251a3a,,,,organic,Russia,Xiaomi,Android 14
1516e3b259dde731e169b037a8af07b9,,,,organic,Venezuela,Xiaomi,Android 14
1853ef1d4d88fa09301dd2516fbed39f,,,HEX (GA) - Globe #adROAS,cpc,Ukraine,Xiaomi,Android 14
1f71bd623f64ec9a7e816ce29fcc7f19,,,,organic,Germany,Xiaomi,Android 14
25fd85c25c7201201b372dc3c3d8f08b,,,HEX (GA) - Globe #adROAS,cpc,Italy,Xiaomi,Android 14
65c67a90cac5c146efd25e626a830398,,,HEX (GA) - Globe #adROAS,cpc,Russia,Xiaomi,Android 14
debcfa3d9eb2b6c361ac09f65732343f,,,,organic,Russia,Xiaomi,Android 14
e5e2f116a972c7e872ba3247638f910f,,,HEX (GA) - Globe #adROAS,cpc,Russia,Xiaomi,Android 13
003f3bcfc6766064233fdb579d06e26c,,,,organic,Russia,Xiaomi,Android 15
44c853fc90c1640ef1a88dcab69f178b,,,HEX (GA) - Globe #adROAS,cpc,Indonesia,Xiaomi,Android 15
9a40af82b3209e627bd867969b6a31e7,,,HEX (GA) - Globe #adROAS,cpc,Russia,Xiaomi,Android 14
c45ff002c8ab8222e6b1d380dfe635a0,,,HEX (GA) - Globe #adROAS,cpc,United States,Xiaomi,Android 14
e2d1e216c2998fefc72ab7b66e559908,,,HEX (GA) - Globe #adROAS,cpc,Belarus,Xiaomi,Android 15
8eef6a38bd147dd7a99ca7bfa741258a,,,,organic,Czechia,Xiaomi,Android 13
723cf0b78895349acd684967121d0808,,,,organic,India,Xiaomi,Android 13
125d8cfc4fe74723273ecb80b922517f,,,HEX (GA) - Globe #adROAS,cpc,Indonesia,Xiaomi,Android 15
069a4a2c2f7e02267afaac905ae33326,,,HEX (GA) - Globe #adROAS,cpc,Brazil,Xiaomi,Android 15
3fd86661ddc3a69a291af17b3e7d2aaa,,,HEX (GA) - Globe #adROAS,cpc,Brazil,Xiaomi,Android 15
b1c0fef62e59934e1f15153c58e3b562,,,,organic,Chile,Xiaomi,Android 14
de051d8caaa3e82108031fb281500a9e,,,HEX (GA) - Globe #adROAS,cpc,Argentina,Xiaomi,Android 14
3acc4d21cefeea3a164b8ccce183493e,,,,organic,Czechia,Xiaomi,Android 14
534d2483da6fbf05437fd16201ad027c,,,HEX (GA) - Globe #adROAS,cpc,Moldova,Xiaomi,Android 14
664309b002f8798bf3f4ec583e443890,,,HEX (GA) - Globe #adROAS,cpc,Hungary,Xiaomi,Android 14
6d5f5327d535f11a8413cf90a629da6f,,,,organic,Czechia,Xiaomi,Android 14
0345455277bfbffcfd9dce137d76cce6,,,(direct),(none),Germany,Xiaomi,Android 15
4597add5cf71eed1dac7f633fb3c73a6,,,,organic,Poland,Xiaomi,Android 14
60806869848c0704028dac9054078e01,,,,organic,Russia,Xiaomi,Android 14
ab3b233b59e8db3f70d1dd0be3dbed60,,,,organic,Türkiye,Xiaomi,Android 14
3301037c2c063bd39dcc6e2f8312681d,,,HEX (GA) - Globe #adROAS,cpc,Italy,Xiaomi,Android 14
db7a5e7011649ef55aa021936a4fb067,,,,organic,France,Xiaomi,Android 13
0a8a113b564a3db51b5280b926622e95,,,HEX (GA) - Globe #adROAS,cpc,Israel,Xiaomi,Android 14
facc6f75df74f289707119a3f59738da,,,HEX (GA) - T1 #hybridROAS,cpc,Russia,Xiaomi,Android 14
0584eaa5d6a5c9d24bc9e1302d73169b,,,HEX (GA) - Globe #adROAS,cpc,China,Xiaomi,Android 15
07ac8eca529ad4982c43120564ce6b10,,,HEX (GA) - Globe #adROAS,cpc,Georgia,Xiaomi,Android 15
ba4c70afe4622c8fd8d9cc234171a5fb,,,,organic,Spain,Xiaomi,Android 14
4d81f06726134976a0a2a0e497e0fc9c,,,,organic,Russia,Xiaomi,Android 14
7761264c3be4ac3fd6bf595a94cf54a2,,,,organic,Belarus,Xiaomi,Android 14
cbede4ea6a1c8816621f450dd584ce3e,,,fb4a,,Taiwan,Xiaomi,Android 15
482a93a4245f0f6da6d05295a8b25150,,,HEX (GA) - Globe #adROAS,cpc,Slovakia,Xiaomi,Android 14
d7896827e61f73701069306ebf37e6f1,,,,organic,Brazil,Xiaomi,Android 14
60edb0f5450360c95189900c05237151,,,,organic,Portugal,Xiaomi,Android 14
d57c45eebf596cc8cfd0a2f2a8ce0a0b,,,HEX (GA) - Globe #adROAS,cpc,Czechia,Xiaomi,Android 14
cb47929635411c50ed8ebe558a8c912f,,,,organic,Germany,Nokia,Android 12
a0d47b3409cc66dc600a4a7b5e10adb8,,,HEX (GA) - T1 #hybridROAS,cpc,Japan,Sharp,Android 10
76d3cab7eaf5b786e22593a85e7f793f,,,,organic,United States,TCL,Android 12
07a598d896e40f48cf9fe8b86822e39b,,,,organic,Russia,Nothing,Android 15
415166f05d1d65435aff37cf491c39df,,,,organic,Russia,Nothing,Android 15
b30a74fc55d88e23a2a1bf3c2b547bd3,,,(direct),(none),Japan,ZTE,Android 12
1e992eef378fb999cc67708fbc07bba8,,,,organic,Japan,ZTE,Android 13
fd3ea0aa04ca5de298b8a0df7f9fbdba,,,ig4a,,Japan,Sharp,Android 13
93147331af7a34f3b60a02efaf03d4ad,,,,organic,Japan,ZTE,Android 13
f647ac63d62d3da30a6276a925082e0c,,,HEX (GA) - Globe #adROAS,cpc,Japan,ZTE,Android 13
071f2544b7ef8285a5f9d120ae250bf8,,,HEX (GA) - T1 #hybridROAS,cpc,Japan,OPPO,Android 14
ca9a90cfad26e0d4d7a492d7533cca8e,,,(direct),(none),Japan,OPPO,Android 14
9fbe779f0b0480f221f919b2f627f59f,,,HEX (GA) - Globe #adROAS,cpc,Japan,Sony,Android 14
170ef970533c19f2868c254829415f5a,,,(direct),(none),Russia,OnePlus,Android 10
535120d9aad2cc149aa3b801666e1a69,,,,organic,Russia,itel,Android 12
f988f14d58676cf7dff922a4014f8198,,,HEX (GA) - Globe #adROAS,cpc,Indonesia,Asus,Android 14
09de9b036ce8dc22308a1fec3395cda4,,,,organic,Ukraine,Asus,Android 14
ae220a5ec28bbf8e713075ce1e243794,,,HEX (GA) - Globe #adROAS,cpc,United States,Honor,Android 14
5724d06bf2b2952efacf202520128966,,,,cpc,Finland,Honor,Android 13
825b39955a6f2967dec822ebac990469,,,HEX (GA) - Globe #adROAS,cpc,United States,BLU,Android 14
a5ea1e8e71c41a1a46ff1c38de0e0ecc,,,HEX (GA) - T1 #hybridROAS,cpc,United States,OnePlus,Android 11
4e9f9357b34d8c76d0b8015a2cd31f6c,,,(direct),(none),Russia,Tecno,Android 13
a5bed28ed55fa1c08b45a8ff7e951d5b,,,,organic,Russia,Tecno,Android 13
ab7b5b640158d1f7e7eeb507b6cca23b,,,,organic,Philippines,Tecno,Android 13
d28adcfdac2d5d91483f124e16ca3908,,,,organic,Russia,Tecno,Android 13
21d75016e896a71634348153037f8f53,,,,organic,Philippines,Tecno,Android 13
0bb980d112d4f5355cff3ab20b0bff88,,,,organic,Russia,Tecno,Android 13
9863fefe2bab898ec080508e436b113c,,,,organic,Pakistan,Huawei,Android 8.0.0
25ccda0c68fe65f7d6e1a15ae35d5634,,,,organic,Lithuania,Oukitel,Android 11
86ebcbf7d0b5ffb2db949c0b6a2ffccf,,,HEX (GA) - Globe #adROAS,cpc,United States,Nokia,Android 12
e6badadc5880787b2cd50170c48e9953,,,HEX (GA) - Globe #adROAS,cpc,Germany,Tecno,Android 13
443e54f4d6fb5d3d3266aa848338a227,,,,organic,India,Tecno,Android 14
54a4401a189180040ed054c2e5aeb5b0,,,,organic,Russia,Tecno,Android 15
2773bb31bf29daddce02956535ce5a78,,,,organic,Russia,Honor,Android 14
7f4b73e61dbf48c19c88f20e572668f5,,,HEX (GA) - Globe #adROAS,cpc,France,Honor,Android 14
91cc1eea5f09a8204565914e9d83500f,,,,organic,France,Honor,Android 14
1cbcccff0246df1b24109148060f94e4,,,HEX (GA) - Globe #adROAS,cpc,Belarus,Honor,Android 13
abbfb25f3dd531c65280cb787a209416,,,HEX (GA) - Globe #adROAS,cpc,Belarus,Honor,Android 13
ede318525eeea6d4435021df77c06bca,,,,organic,France,Blackview,Android 13
118ad8bc491c2cbfa8105f6c3d4fd64a,,,,organic,Vietnam,OPPO,Android 7.1.1
6c556d574ea3d6d6eb2c579c86ae0980,,,HEX (GA) - Globe #adROAS,cpc,Indonesia,OPPO,Android 8.1.0
aba64f7f14e5bcdc71b8e1469050f51c,,,(direct),(none),Netherlands,OPPO,Android 11
f68b7412af1e8536353445ea85273c90,,,,organic,Switzerland,OPPO,Android 9
630ec1f2fb229ef532554a29e610b632,,,(direct),(none),Japan,OPPO,Android 11
1275b03354a0f19c6879c930d6f3b283,,,HEX (GA) - Globe #adROAS,cpc,Philippines,OPPO,Android 9
f8c511ab9c3f06dfb17f29c1665ab99c,,,,organic,Portugal,OPPO,Android 12
11b43e1d5c247979bc25bd0560faf1cb,,,,cpc,Spain,OPPO,Android 12
f7367118fc55d72da482a1fdc8b28dc5,,,,organic,Russia,OPPO,Android 13
47868d5ea3236c7cb86c8be0289c73e2,,,HEX (GA) - T1 #hybridROAS,cpc,Japan,OPPO,Android 12
850b79fd9da458bda722261fdb95a7ab,,,(direct),(none),Vietnam,OPPO,Android 14
b2dbc4c89dac20f4897b6fe19eb8cc3e,,,HEX (GA) - Globe #adROAS,cpc,Belgium,OnePlus,Android 14
6fd77bf8042d6584675d0f09d7346d97,,,,organic,Indonesia,OPPO,Android 14
cf445b2988b6a7636f2de69387cc50c9,,,HEX (GA) - Globe #adROAS,cpc,Thailand,OPPO,Android 14
2ae12d590158bc840b04abc85cb3aaf9,,,HEX (GA) - Globe #adROAS,cpc,Canada,OnePlus,Android 14
8f852be4febed10accedcaa5d2a899e2,,,(direct),(none),United States,OnePlus,Android 14
4538015226c769b88dfd0231627e0d74,,,HEX (GA) - Globe #adROAS,cpc,Spain,OPPO,Android 14
1d1af564050adbb25f1644628e43e85a,,,HEX (GA) - T1 #hybridROAS,cpc,Netherlands,OPPO,Android 14
1d46bf5fe955cb585c0bff701e073e7d,,,ig4a,,Australia,OnePlus,Android 15
10ea7c41cfb42454fe9bbdf2e172ccba,,,,organic,New Zealand,OPPO,Android 13
6ac0b9763b0bc777a1bfe4afde991e64,,,,organic,Finland,OnePlus,Android 15
22c9c5e500c74060f218acb4fe1b347c,,,HEX (GA) - Globe #adROAS,cpc,Ukraine,OPPO,Android 14
5684841930a19e056223bce41fff4755,,,,organic,Russia,Honor,Android 14
a257bb44e50472c697393d4ffe983e94,,,,organic,Russia,Honor,Android 14
d462bdfc573fd9ec562e6a2301640cce,,,,organic,Russia,Honor,Android 14
f53c81f43902fc2e5bba5286bde8adab,,,(direct),(none),United Kingdom,Honor,Android 14
d2625aa40089c5e87a16d88598d657d3,,,HEX (GA) - Globe #adROAS,cpc,Belarus,Honor,Android 14
a12ba2eb2a342922d7a22c751734a452,,,HEX (GA) - Globe #adROAS,cpc,United States,Boost Mobile,Android 13
10c989e63ac25da45157e64e18b107bc,,,HEX (GA) - Globe #adROAS,cpc,Belgium,OnePlus,Android 13
f4801d79e63e532fafb89b0165cc3baf,,,HEX (GA) - Globe #adROAS,cpc,Portugal,OnePlus,Android 13
e0c78a49b16294207d282c2caf6ce1ca,,,,organic,Russia,Symphony,Android 12
16c0f206bfd4791e896b5a9ee884e418,,,,cpc,Finland,OnePlus,Android 13
090124bb449994fd31de3039fe871349,,,,organic,Austria,Huawei,Android 10
555c8700d5eb14f6f9f74797daafc3f9,,,(direct),(none),Germany,Huawei,Android 10
82dd4d7c6b3777de6ad78302000a7786,,,,organic,Slovakia,Huawei,Android 10
7f7da90d93555348d0d74c182821f4f1,,,HEX (GA) - Globe #adROAS,cpc,Russia,Honor,Android 15
a7fb6a5f8f7db55b28e8bd00511ab453,,,HEX (GA) - Globe #adROAS,cpc,Hong Kong,Honor,Android 14
1ec446bc7c8fcc0b0ae0290621b12a64,,,(direct),(none),United States,Motorola,Android 14
62a95d7724d6d2c9b312580cde254077,,,(direct),(none),United States,Motorola,Android 14
5e8a76ef25216c89d6b7baf494c1db26,,,HEX (GA) - T1 #hybridROAS,cpc,United States,Motorola,Android 14
faa8dbfce3e812239aab31164990e7fe,,,HEX (GA) - Globe #adROAS,cpc,Poland,Motorola,Android 14
4aebfca1bb6644433e5132d75d59c662,,,HEX (GA) - T1 #hybridROAS,cpc,Japan,Motorola,Android 14
e27716ea45f81f74ede4ac6d732936a8,,,(direct),(none),Netherlands,Motorola,Android 14
ae6952e77d2ebf5ac218a511d0891086,,,HEX (GA) - Globe #adROAS,cpc,Poland,Motorola,Android 15
0a6d5e24455ba9628878485653301376,,,(direct),(none),Netherlands,Motorola,Android 15
373c26fe1ec30ff00fd76af94949fdca,,,HEX (GA) - T1 #hybridROAS,cpc,Japan,Fujitsu,Android 13
80daedf627006f3690dbc41e0a95cfb3,,,HEX (GA) - Globe #adROAS,cpc,Japan,FCNT,Android 14
950a2bfcfa3f11739b00b2407cfb59f4,,,,cpc,Germany,Fairphone,Android 13
5d2f05e6122208da3c7394041432f17d,,,HEX (GA) - Globe #adROAS,cpc,Brazil,Nokia,Android 14
c0b8d6201a113fd10aa2f93d8ea2c22c,,,,organic,South Korea,OnePlus,Android 9
78033bce1665b2f8db24acd5606f2a49,,,,organic,Russia,HOMTOM,Android 13
7ca69773660383c0d5c85391b6535a02,,,HEX (GA) - Globe #adROAS,cpc,Thailand,Vivo,Android 14
43136fe18f40b887ce585f1a211c97dd,,,,organic,United Kingdom,Honor,Android 14
b6da420bc0cc9cda11f9944a660ddb5c,,,,organic,Chile,Huawei,Android 9
69e81520f48994596d99799c76edd0be,,,,organic,Russia,Tecno,Android 13
3f2be4fa3e70ee20353bd814a1f5c234,,,,organic,Vietnam,Amazon,Android 9
373ada8ef8ab4c3a17c8febbe5a49bcb,,,HEX (GA) - Globe #adROAS,cpc,Ukraine,Tecno,Android 11
34bdd69f3552865ae3edf6a126e1c6bf,,,,organic,Russia,Tecno,Android 11
81b8c20a3a5cced33db2623f1bc5a19c,,,HEX (GA) - Globe #adROAS,cpc,Mexico,Cubot,Android 14
fc2a10f562bf82cf0ad3de3177fad16a,,,,organic,Bolivia,Tecno,Android 13
c3fae0f4fd851739e46a91b62a04a1a5,,,,organic,Russia,Tecno,Android 13
1f6dc165122b72c91ff65751d195a874,,,HEX (GA) - Globe #adROAS,cpc,Belarus,Tecno,Android 13
94472af56209a60f5f16b32e7d966459,,,HEX (GA) - Globe #adROAS,cpc,Brazil,Tecno,Android 13
5f25befe94edb6174d48443ba13cb5d2,,,,organic,Russia,Tecno,Android 14
2bc37c616badb46dfedeb1e824917aa4,,,,organic,Russia,Tecno,Android 14
73847e56cad8ca21f59b915e139f8434,,,,organic,Russia,Tecno,Android 14
aa4de2d50001a1c13ff772bf39a543c4,,,(direct),(none),Netherlands,OnePlus,Android 14
d003cc80f030dafb46f5e6642cce0195,,,,organic,Venezuela,Tecno,Android 11
25fca05c612beb86ae922caf370bb6a0,,,HEX (GA) - T1 #hybridROAS,cpc,Russia,Tecno,Android 12
931891f48bd28a25287547f57c0512e6,,,,organic,Russia,Tecno,Android 12
a840237c068705c97d220b8df4ec9915,,,HEX (GA) - Globe #adROAS,cpc,France,Tecno,Android 12
ccf749a208e041ee16b6d035c847c254,,,HEX (GA) - Globe #adROAS,cpc,Philippines,Tecno,Android 12
facae00442f8b185103f0c0995c5530b,,,,organic,Russia,Tecno,Android 12
06ae52e220495b92d3a031292b3aecda,,,,organic,Russia,Tecno,Android 14
2300200244946e9fc683c098dcb10651,,,HEX (GA) - T1 #hybridROAS,cpc,Russia,Tecno,Android 14
7acf8539f709707ef734a723c31a54c4,,,,organic,Uzbekistan,Tecno,Android 14
7acf8539f709707ef734a723c31a54c4,,,,organic,Uzbekistan,Tecno,Android 14
9f8970338b8bd56466d65ee5e760943a,,,HEX (GA) - Globe #adROAS,cpc,Germany,Tecno,Android 14
2b3efad8abd3280ff519d6005457bf06,,,HEX (GA) - Globe #adROAS,cpc,Uzbekistan,Tecno,Android 14
347e1a2f6927c0247485967cebb9ce4d,,,HEX (GA) - Globe #adROAS,cpc,Netherlands,Tecno,Android 14
712f7cb7cca2a9662cd0f8f6373f85b1,,,,organic,Russia,Tecno,Android 14
20e53eb1305565a86738382f362411cb,,,HEX (GA) - Globe #adROAS,cpc,Germany,Honor,Android 14
772b579208ea39f3779827a5b1e9429c,,,,organic,Russia,Honor,Android 14
2c58694924985cc9f162ca839fe0c01c,,,,organic,Canada,LG,Android 11
8d2b55c93b207ab5d9cdabb05bb25b54,,,HEX (GA) - Globe #adROAS,cpc,United States,Huawei,Android 10
3c8f1b96ba58a68b7a48e31f66475319,,,HEX (GA) - T1 #hybridROAS,cpc,France,Xiaomi,Android 10
7b3b7208f876e3d2b88bfc88d5d99985,,,,organic,Poland,Xiaomi,Android 10
d9c55e497a34182a41bed699d270d536,,,,organic,Serbia,Xiaomi,Android 12
ee97773ac3edaf4112615de665258eb3,,,,organic,Russia,Xiaomi,Android 11
0f1efe5cec8ec703eed63ffa410fa5a9,,,,organic,Costa Rica,Xiaomi,Android 11
23588f006a26779a6255f527a7cd4acc,,,HEX (GA) - Globe #adROAS,cpc,Peru,Xiaomi,Android 10
44d6aa1b6f28a570de132ef6d85443b3,,,,organic,Poland,Xiaomi,Android 11
44db3b1f71edfcf42310190be7ba3ec8,,,,organic,Russia,Xiaomi,Android 10
5734478c91e8af369ba9d0cb2850d61a,,,HEX (GA) - Globe #adROAS,cpc,Colombia,Xiaomi,Android 12
74d3cd4a3a3502e0329f55a22ea02f6a,,,,organic,Russia,Xiaomi,Android 11
7f93005990cf763084638c4ff726ad81,,,,organic,Mexico,Xiaomi,Android 11
8d1b65500622a4dc9858070b96a35943,,,,cpc,Slovakia,Xiaomi,Android 12
9f2cbbf5495f4a7ea816d4a52dc0fd6d,,,HEX (GA) - Globe #adROAS,cpc,Philippines,Xiaomi,Android 12
daa206a992e3c2cf50dc8a5ca0a32429,,,HEX (GA) - Globe #adROAS,cpc,France,Xiaomi,Android 12
eea7f81c8f4690435a792301d1110943,,,,organic,Brazil,Xiaomi,Android 11
71a5e7eff7f4d049bc2d0f7dffa4e748,,,,organic,Russia,Xiaomi,Android 11
fbfdaeffdf7f1f4666e9695b96af867a,,,,organic,Russia,Xiaomi,Android 12
bcc2cd5bdd7f96137213d25ff49716c8,,,HEX (GA) - Globe #adROAS,cpc,Taiwan,Xiaomi,Android 10
484ce971b7407c8e8ec1ac0e0c720068,,,HEX (GA) - Globe #adROAS,cpc,Cyprus,Xiaomi,Android 12
7f5db7649810235cdaa96712d51e4402,,,,organic,Russia,Xiaomi,Android 12
4c47d705f93c1c5b76847a7e0162789a,,,,organic,Brazil,Xiaomi,Android 12
d7e5c8bd987904e82531d8112b0c76d2,,,,organic,Brazil,Xiaomi,Android 10
998d3384a291cfd836d60ee7641e1b24,,,,organic,Croatia,Xiaomi,Android 10
e8435952031ba41a0cc380bd642ce622,,,(direct),(none),France,Xiaomi,Android 13
7685880972940814ff574dc37e216a6f,,,,organic,Myanmar (Burma),Xiaomi,Android 13
09cf9b4bb8190c7f414a8c8c11f540ba,,,,organic,Russia,Xiaomi,Android 13
198d88d140a32432d92673214e94fdf3,,,HEX (GA) - Globe #adROAS,cpc,Chile,Xiaomi,Android 13
5175fb0cdb24ba1d8c0a999fc4a1908d,,,HEX (GA) - Globe #adROAS,cpc,France,Xiaomi,Android 12
6cc8dd082e1cf80ba1e455581276fb89,,,HEX (GA) - T1 #hybridROAS,cpc,Germany,Xiaomi,Android 11
845008b3d6023842f43b2c56075d9c80,,,,organic,Russia,Xiaomi,Android 13
8c6382306764679b6ab62bd7ea79ddee,,,,organic,Russia,Xiaomi,Android 13
b32bd6579088132933071569c1f2fae0,,,HEX (GA) - T1 #hybridROAS,cpc,Germany,Xiaomi,Android 13
c893b80add190fd4bf44d668ae9cb8f1,,,,organic,Russia,Xiaomi,Android 13
d73ec1f6a456780da6e4349ef4a0a459,,,,organic,Russia,Xiaomi,Android 13
f48f7fa1a991f1265d2fb5a16630d31b,,,,organic,France,Xiaomi,Android 13
f648b4e2023a605337ecee068c4283d5,,,,organic,Russia,Xiaomi,Android 11
4d45ca74d2752f6600f740c31a54699d,,,,organic,Ukraine,Xiaomi,Android 13
c9e1b1726fe2ce5383b1c547c7bf9f7d,,,,organic,Russia,Xiaomi,Android 13
9e6fe3527bbccc27a4099506a8075e43,,,,organic,Belgium,Xiaomi,Android 11
90468d7c684a07b348ac335f739319e5,,,(direct),(none),Germany,Xiaomi,Android 11
037affbc19a9ee13a17f451c0b0bd332,,,,organic,Iran,Xiaomi,Android 12
892d5249b5509e429025966a07d7cf34,,,,organic,Germany,Xiaomi,Android 12
aa2b5341a4d3fa9064fb0bf78c505807,,,,organic,Russia,Xiaomi,Android 12
aa458c75417fb4d52a5bd3d956e89c1a,,,HEX (GA) - Globe #adROAS,cpc,Indonesia,Xiaomi,Android 12
ba767d55553a3c966cd9a1e3e0c7bbc4,,,,organic,Russia,Xiaomi,Android 12
9eeaf7fb1b67c4bcf49038b8ae338fec,,,,organic,Russia,Xiaomi,Android 13
a91c5a19b23b8b4d9cc82601fdca030f,,,HEX (GA) - Globe #adROAS,cpc,Bulgaria,Xiaomi,Android 12
705b8d1be7a3fbd7497713c182c0619a,,,,organic,Bolivia,Huawei,Android 10
29224a8b4e94c5027309c300d0473219,,,HEX (GA) - Globe #adROAS,cpc,Poland,Huawei,Android 10
bdaa1bd693488945dd3916ef2549b1a1,,,HEX (GA) - Globe #adROAS,cpc,Poland,Huawei,Android 10
2bac1396acc0304abfac091c6651a2d0,,,,organic,Russia,Huawei,Android 10
fa2a566eccf00f68502c2bd646f55fd2,,,,organic,Russia,Huawei,Android 10
dc064f0dae8a8db1db7ffde098ae21a1,,,,organic,Brazil,Xiaomi,Android 10
7450b6fa6ce0734df6426508d40b5870,,,,organic,Germany,Xiaomi,Android 11
142dd36b01a1a55a8528ac0009fe1636,,,,organic,Russia,Xiaomi,Android 10
64466b2af6087c6f284f23ef632d91f3,,,,organic,Russia,OnePlus,Android 14
886d09973c274137db091bfffc9f24a4,,,(direct),(none),Russia,Xiaomi,Android 10
36d31dcf6aff42b9b5a97cd9cf8ca4f6,,,HEX (GA) - Globe #adROAS,cpc,Greece,Xiaomi,Android 11
bd8e0137d6a7de7451c2cd6c7e06be9a,,,,organic,Brazil,Motorola,Android 11
2a17387ab5faea3319315f4553972b4e,,,,organic,Denmark,Motorola,Android 12
0a57f42aef1a9a49749f3da408d034f3,,,HEX (GA) - T1 #hybridROAS,cpc,United States,Motorola,Android 13
8130830dc5227826a1e827b6abeed586,,,HEX (GA) - Globe #adROAS,cpc,United States,Motorola,Android 14
c5f33a0b1e764c93796325b71bf54b4b,,,HEX (GA) - Globe #adROAS,cpc,United States,Motorola,Android 14
fb2f97fffee3e29be3005b7312bea918,,,(direct),(none),United States,Motorola,Android 14
65ebf9909f667cea675c352012723822,,,HEX (GA) - Globe #adROAS,cpc,United States,Motorola,Android 14
926e4797950529fd22ab451fb7078a65,,,HEX (GA) - Globe #adROAS,cpc,United States,Motorola,Android 14
64f44877b946a649d772becd0e0471ca,,,(direct),(none),United States,Motorola,Android 14
f81799ec2d7388b6b671c54030ebf9d2,,,HEX (GA) - Globe #adROAS,cpc,Brazil,Motorola,Android 14
1761ca17d954273334ecce90bd207b80,,,,organic,Argentina,Motorola,Android 11
79bf89bbd6745e45743d0d7e348f7290,,,HEX (GA) - Globe #adROAS,cpc,Argentina,Motorola,Android 11
9fd6e104f28cbdae06cc2b0f436abf60,,,,organic,Poland,Motorola,Android 12
893adf0fc66263b2c4989deff05677a4,,,,organic,Argentina,Motorola,Android 14
4d934322d783a0844cf4c3a5dd5686b2,,,HEX (GA) - T1 #hybridROAS,cpc,Czechia,Motorola,Android 13
99f7593a06af44aba1a50c67f158fb7f,,,,organic,Brazil,Motorola,Android 13
a32c625977ba679c63e6eab68f511775,,,(direct),(none),Czechia,Motorola,Android 13
b7fc895f752b67a66e9ea70f26a43d09,,,HEX (GA) - Globe #adROAS,cpc,Chile,Motorola,Android 14
ff99d15f9bbf2f39f8f872ea5a74691a,,,HEX (GA) - Globe #adROAS,cpc,Brazil,Motorola,Android 14
1361e7e1f9154fdccd5636eed8245543,,,,organic,Poland,Motorola,Android 13
071b7c8ec4b2ade6aa146632309c86de,,,,organic,Poland,Motorola,Android 14
c8a837a1a213fa2441f38c6bcc03842d,,,,organic,Brazil,Motorola,Android 14
07e2af083e2045160b6489cbbfd54124,,,fb4a,,Germany,Motorola,Android 14
1b5c806c36533ad62a9d565edb3d93c6,,,HEX (GA) - Globe #adROAS,cpc,Italy,Motorola,Android 14
d7cd3608ab0e9f70ea3667bf7386c237,,,HEX (GA) - Globe #adROAS,cpc,Italy,Motorola,Android 14
fe17c7c10e1eb413564e6dc49af33aa3,,,,organic,Brazil,Motorola,Android 14
dc1d00567af6fa5dc217f1dd70648488,,,,organic,Mexico,Motorola,Android 14
1ec3d7af7bd21b18c3a551a855408f91,,,HEX (GA) - Globe #adROAS,cpc,Brazil,Motorola,Android 11
d5be1fa6d05e5f6c884fa4326ff4aee2,,,HEX (GA) - US #hybridROAS,cpc,United States,HMD Global,Android 14
190b6e1be5b9ee4ac95e1e4797c34f83,,,,organic,Japan,OPPO,Android 12
7d091711255d1bb8243abfac160c7a20,,,,organic,Brazil,Motorola,Android 11
02dbd22504422fcc9f4e452c085a72ca,,,HEX (GA) - T1 #hybridROAS,cpc,South Korea,Honor,Android 9
6092a04d083d27cddfca54a0c132f77c,,,HEX (GA) - Globe #adROAS,cpc,United Kingdom,Google,Android 12
5bd87d016bb5b135ef91b48db280c54e,,,(direct),(none),Australia,Google,Android 13
d0038572af897018320fc7b204a9810d,,,(direct),(none),United Kingdom,Google,Android 13
0c8f8e9f25fcdf84a0d3bc85784cc45a,,,,organic,France,Google,Android 14
b11e1f114035b762a72d7cee60ed2b26,,,(direct),(none),United States,Google,Android 11
3175a3b8b63e3f95b4f4028d96c07a2b,,,,organic,United States,Google,Android 14
06042850ab49199a9b79ffd4ccdd3e3f,,,,organic,Russia,Google,Android 15
74a8037dcba6ca65deaa380da40171c4,,,(direct),(none),Canada,Google,Android 15
7af6d03959e20c3951dcd2aed4570f77,,,HEX (GA) - Globe #adROAS,cpc,Germany,Google,Android 13
076871a7888aa86aad7578bc909908a4,,,HEX (GA) - Globe #adROAS,cpc,Japan,Google,Android 15
40d19c3cf9e34fedb0c435898a197d51,,,HEX (GA) - Globe #adROAS,cpc,Germany,Google,Android 15
8a0926a95920cc69509e852a3a951253,,,,organic,United Kingdom,Google,Android 15
00465ba5509919a4c7882c382d04daf8,,,(direct),(none),Germany,Google,Android 15
006426cde76b66e55a50d7f19ce2420c,,,,organic,Germany,Google,Android 14
a8783e31b26a6042086fcb3606bfcc75,,,HEX (GA) - Globe #adROAS,cpc,Belarus,Google,Android 15
1b9cacfa01b8aed927c5656b700bf758,,,(direct),(none),Japan,Google,Android 15
509155bb4350c42dc26e390de4ddc07d,,,,organic,Japan,Google,Android 15
7ba7f3557528b6334f75b2114094abae,,,(direct),(none),United States,Google,Android 15
870fc4e3663cfb00afa615e96d98ca20,,,ig4a,,Canada,Google,Android 15
984601a0374f12d3d7e0c183a93861f5,,,HEX (GA) - Globe #adROAS,cpc,Canada,Google,Android 15
9c2935fa9025eb2f5645e6233d288296,,,HEX (GA) - Globe #adROAS,cpc,Malaysia,Google,Android 15
9f38a4c3bc55005999cf255db8aec7b0,,,HEX (GA) - Globe #adROAS,cpc,Ukraine,Google,Android 15
ebf1ee2d306296e6199a44cbafe45c1c,,,ig4a,,Canada,Google,Android 15
09569bfd4a8c6d7c6d3f44935d02c53d,,,ig4a,,Canada,Google,Android 15
c2b4d8e094a7bae76a37d159d55f7b5d,,,HEX (GA) - Globe #adROAS,cpc,Brazil,Google,Android 15
c8eafe559a21a226ed9b1507e2aae77c,,,(direct),(none),United States,Google,Android 15
cb3649f364aeaf47922756b06d8f0349,,,,organic,Canada,Google,Android 15
a515ed1ab7c458098b12fb26b22ec431,,,,organic,United States,Google,Android 15
de1a0f2a05fa23b7bf818a734f491f14,,,(direct),(none),United Kingdom,Google,Android 14
f357519bec1d9149e84b6777a8060387,,,(direct),(none),United States,Google,Android 15
fee299839c53bf2d00ce32cf6b677994,,,HEX (GA) - Globe #adROAS,cpc,Canada,Google,Android 15
2301fb1cd01730545fb3576096f7aa01,,,HEX (GA) - T1 #hybridROAS,cpc,United States,Google,Android 15
55b7e65ead6aeb5c159c86b023f8dcfb,,,(direct),(none),Colombia,Google,Android 14
83f79bf56b5e8b2e4e4c8628b13d6842,,,HEX (GA) - Globe #adROAS,cpc,Germany,Google,Android 15
0fe835e6d601fd5358153a7a0e60bd40,,,HEX (GA) - Globe #adROAS,cpc,Chile,Honor,Android 14
40280eb5a9056707c92d1e575517d7a5,,,,organic,United Kingdom,Honor,Android 14
0d2aeb0343db2b02d3c349806c276edd,,,,organic,Russia,Honor,Android 13
c296abe324f8ed96a7b5367961bee649,,,HEX (GA) - Globe #adROAS,cpc,France,Honor,Android 13
28776ce4c206a991a284f575400526e3,,,,organic,Colombia,Honor,Android 13
0f8aa3d228381fa4d9cfde1453de09d6,,,HEX (GA) - Globe #adROAS,cpc,Indonesia,Realme,Android 11
cd39d37a76607a4d401492b9fd59897b,,,,organic,Russia,Realme,Android 11
2b530f367aaba3d2406cd98772120eb3,,,HEX (GA) - Globe #adROAS,cpc,Spain,Realme,Android 14
23d07469590d41a33827fc9e62d3b1cf,,,(direct),(none),India,Realme,Android 13
9e596e9548d963f7ce47c1ff797baf48,,,,organic,Russia,Realme,Android 13
a46b2574a2c593e5d2b34c8b2d08c929,,,HEX (GA) - Globe #adROAS,cpc,Russia,Realme,Android 13
0402e18efbe61a27e9b8518bbf1ebf3c,,,,organic,Russia,Realme,Android 13
0fc2e30109101259492c9a49b0424ca8,,,,organic,Russia,Realme,Android 13
9c6804ee498b51b2bde781bc57bb1141,,,,organic,Russia,Realme,Android 13
f341e8f08dcbb74b06efea80d4d15e96,,,,organic,Russia,Realme,Android 13
b73f8b7a059d96d097cfecd14bb4d92e,,,(direct),(none),India,Realme,Android 13
83f3fddf6f1cffab716a95ca279ac90a,,,HEX (GA) - Globe #adROAS,cpc,Russia,Realme,Android 11
06c7c42f2c0e159205c482b67e96f621,,,,organic,Russia,Realme,Android 11
bb37e8f92924bba445f09dab953f0023,,,(direct),(none),India,Realme,Android 13
4ae4db0165b914ef70f39d28ddca1cf0,,,HEX (GA) - Globe #adROAS,cpc,Russia,Realme,Android 12
c6e1858045ffb4e766abd391896e40e3,,,HEX (GA) - Globe #adROAS,cpc,Georgia,Realme,Android 13
c8a890f6d9e2f311b8aefabe744c164e,,,HEX (GA) - Globe #adROAS,cpc,Russia,Realme,Android 13
fa1e40b836e067effee9589d9a898985,,,,organic,Russia,Realme,Android 14
46fd0f83c0ff44c9950d9de90a142621,,,,organic,Hungary,Realme,Android 13
b614df1ede63c1aa3fe68ac89575977a,,,,organic,Russia,Realme,Android 13
4478d2349e16b80655d781f2651d1769,,,,organic,Russia,Realme,Android 11
b26d0a74f5d265847760e90a4a77f848,,,,organic,Russia,Realme,Android 11
12f0d42748f2116e476843b3b4a6f5d5,,,(direct),(none),India,Realme,Android 13
1abee32db196168750e3f9afd0af72ef,,,,organic,Russia,Realme,Android 12
a477b70433a5b566e7f4f361e43ca96d,,,,organic,Russia,Realme,Android 14
bf2520c5504104661ea1d3aa7284c50c,,,,organic,Russia,Realme,Android 14
db6286cf0d083218908f6b8b0853fff3,,,,organic,Russia,Realme,Android 14
245b6da61b08c771a16cfeb00d698991,,,,organic,Russia,Realme,Android 14
8cc0ab3d62306f2456251ad6e9bc3a37,,,,organic,Spain,Realme,Android 14
48f7828e44c28392e884746717264774,,,(direct),(none),India,Realme,Android 14
03dbd915698beeab0b85980aea9f2358,,,,organic,Russia,Realme,Android 14
f34e2e81b3fc24a7521b20090810fc5a,,,,organic,Russia,Realme,Android 14
364be501d024920148b1bb38664c7cee,,,,organic,Poland,Realme,Android 13
12e198b7de5ef41ce8cfcc8761f304e1,,,,organic,Russia,Realme,Android 14
1ffb944a1767675f36942283e1a35c21,,,,organic,Russia,Realme,Android 13
6401d7b76700b3429464960e21732c11,,,(direct),(none),Russia,Realme,Android 13
fb82f6ba01f5eb5f237d344a32371954,,,(direct),(none),India,Realme,Android 15
01b967d0bf30e968df3e290fb6c5e897,,,,organic,Russia,Realme,Android 14
73064c2f58d0e358196da1b899b47651,,,(direct),(none),India,Realme,Android 14
9e3bb13280c4eb89c18ab506f76196e1,,,,organic,Russia,Realme,Android 14
1a4da49154fd316b58c9a680d2448587,,,,organic,India,Realme,Android 14
5ff9f910fbc43445854145742e08cf2c,,,,cpc,Poland,Realme,Android 14
82eda1a56df8618ac131f463538cff45,,,HEX (GA) - Globe #adROAS,cpc,Russia,Realme,Android 14
3a8a45e9c13673cb54dc6b1d134be1e4,,,,organic,Russia,Realme,Android 14
4a6458d6f3f67df5c82869de399674eb,,,(direct),(none),Russia,Realme,Android 14
16006fafbb053efe3ed6e7913c697e7e,,,(direct),(none),Russia,Realme,Android 14
c0e24a3f4195093d58420790ab67bfb5,,,,organic,Russia,Realme,Android 14
d2ae08bcaf43343d1d902b7e88b150f0,,,,organic,Pakistan,Realme,Android 14
471528154608a06128bf3ebe524e3479,,,,organic,Ukraine,Xiaomi,Android 9
f310c2acee1a9b87546361176b51369f,,,,organic,Russia,Xiaomi,Android 10
6878ebe8734930ad19c055b8282103d3,,,HEX (GA) - Globe #adROAS,cpc,New Zealand,Xiaomi,Android 10
f66219f9755a475a54145ca32f51114d,,,HEX (GA) - Globe #adROAS,cpc,Iran,Xiaomi,Android 9
3773309afbc16d4abff7678f41620639,,,,organic,Mongolia,Xiaomi,Android 11
66c19ef5a05aca84df25fff84d47fb16,,,HEX (GA) - Globe #adROAS,cpc,Ukraine,Xiaomi,Android 11
865bd58753d8847a31a55934819ff16a,,,,organic,Spain,Xiaomi,Android 11
a4ce21711238540dc542f3107de52f69,,,,cpc,France,Xiaomi,Android 10
a7614da6bb47d42f4b81b19fa8d061a3,,,,organic,Russia,Xiaomi,Android 11
d5af5db6af3c3507eb8694e78021043b,,,HEX (GA) - Globe #adROAS,cpc,Poland,Xiaomi,Android 11
e53286e0dd4b8a96a0440ce5a7e5ef4e,,,,organic,Brazil,Xiaomi,Android 10
4e4400730061a99da28625fcb1d6b08f,,,HEX (GA) - Globe #adROAS,cpc,Belarus,Xiaomi,Android 12
aa16ff40bb238f458d76acf8189c5a60,,,,organic,Russia,Xiaomi,Android 10
c54ac7b60af0c3f79d7e1d5de8a147d1,,,,organic,Russia,Xiaomi,Android 10
c5e04db37c07cc0fa460006f01c9a992,,,,organic,Czechia,Xiaomi,Android 12
ccdf54f01a5fa7314e387ae4d7cf2a28,,,HEX (GA) - Globe #adROAS,cpc,Morocco,Xiaomi,Android 12
1d2ef5fcd734abfd6a00d6df9c6f0984,,,HEX (GA) - Globe #adROAS,cpc,Slovakia,DOOGEE,Android 12
377626270fcc54a147207f4af4f32ced,,,,cpc,Germany,DOOGEE,Android 12
800ccf3b3f97c03163c9c161cb9ab5c4,,,,organic,Russia,Leagoo,Android 8.1.0
2dc2ca671209a16e340b21edc27809f9,,,,organic,Ukraine,DOOGEE,Android 11
424bc7c99b3987f7b8c3e446c899e5e3,,,HEX (GA) - Globe #adROAS,cpc,Japan,Samsung,Android 12
a09b1cd702fff92540a2e015cf9d368b,,,,organic,Japan,Samsung,Android 14
89ed656521eb1d81a946fabcc4260ada,,,HEX (GA) - T1 #hybridROAS,cpc,Japan,Samsung,Android 14
d031be60d6e6600ef2907c17db5da8d9,,,HEX (GA) - T1 #hybridROAS,cpc,Japan,Samsung,Android 13
71d0424b1ad0c61eb1734715fadc7c91,,,HEX (GA) - T1 #hybridROAS,cpc,Japan,Samsung,Android 13
08c59c0d2046fb7655b61a0254801e6f,,,,organic,Japan,Samsung,Android 14
1b2591c38884d3b5b32ff452a7a0ded9,,,HEX (GA) - T1 #hybridROAS,cpc,Japan,Sharp,Android 11
68e121f9afc5d565a967ea8149bde7de,,,HEX (GA) - T1 #hybridROAS,cpc,Japan,Sharp,Android 14
cf3cf2d0264d919b2a259a70966d7107,,,,organic,Japan,Sharp,Android 13
d423b2d0141482d93c63b7698d4ffe5e,,,,organic,Russia,Blackview,Android 13
12b19d62e5950a7116e33ee4ed9f11ac,,,ig4a,,Taiwan,Xiaomi,Android 12
10db0ffeaf1f1b45c6a1c8c1aa1a3482,,,(direct),(none),Canada,Samsung,Android 14
9ba5f5233bd3aa899a1c8b0d70d4d88d,,,(direct),(none),Canada,Samsung,Android 14
76bd13218bcbbb3636112fdf0811e258,,,,organic,Malaysia,Samsung,Android 12
7d9fb00b37a860d4b1ba3274837aef86,,,,organic,Portugal,Samsung,Android 12
84aa0bb1a7e86b100f275f0e8f464242,,,HEX (GA) - Globe #adROAS,cpc,Croatia,Samsung,Android 13
515eedf63b65788a2536c7a67a1d98be,,,,cpc,United States,Samsung,Android 13
2e90625ea51a88c2e49b0402ef1173ab,,,(direct),(none),Canada,Samsung,Android 13
234705c088a479d9ff1c51f8c25219a1,,,,organic,South Africa,Samsung,Android 14
d8719a46b13b89ff54c65d19bfa820c1,,,(direct),(none),United Kingdom,Samsung,Android 14
fb46762f3d19989ad5faa69013c36869,,,(direct),(none),Ukraine,Samsung,Android 12
4a872206f8d4beeb8d9ff583dd82841e,,,HEX (GA) - Globe #adROAS,cpc,Bolivia,Samsung,Android 14
ffb467fa03b2b9a1228a1c12b9ab20dd,,,(direct),(none),Germany,Samsung,Android 14
2019a1a0cc4f802531f1fd793b2a8eef,,,HEX (GA) - Globe #adROAS,cpc,Indonesia,Samsung,Android 14
6f159124a383ab22902525dc0a11964a,,,,organic,Armenia,Samsung,Android 14
ff8ed83394e38609c6a7188d81d3b4ee,,,,organic,Russia,Samsung,Android 14
8da02d1fdb4641c8d4d260c385034f73,,,,organic,Argentina,Samsung,Android 14
dc86f30e33399801bfe10edca0f4e731,,,,organic,Brazil,Samsung,Android 14
188a2e2bcfedb037e56602a14d792c92,,,HEX (GA) - Globe #adROAS,cpc,Thailand,Samsung,Android 14
4425f2cb328710028e0d1c396f9650c5,,,,organic,Russia,Samsung,Android 14
bb5d2d87db4537669965d68da958fc95,,,HEX (GA) - Globe #adROAS,cpc,Georgia,Samsung,Android 14
6ee2deb993ab7a018f90b42329cb72d8,,,,organic,Vietnam,Samsung,Android 14
ad5461c95ed2ca8ee8450251a827f12e,,,,organic,Vietnam,Samsung,Android 14
cd28171253b9c75a9af0a16565f06d72,,,(direct),(none),United Kingdom,Samsung,Android 14
b50734d7f960bfebc98640505e41b9d2,,,,organic,Brazil,Samsung,Android 14
1921195a24d08e514eacf281ac1c7a16,,,,organic,Russia,Samsung,Android 12
ca008505089200b703f0671291b6adc0,,,,organic,Czechia,Samsung,Android 11
f6c705bd496b6c9e5c5e27bc77b179f7,,,,organic,Russia,Samsung,Android 11
18a757a7cdaf948ea1a02e9dbb2a6365,,,HEX (GA) - Globe #adROAS,cpc,United States,Samsung,Android 12
bb538955faff95d119c6569941aea461,,,HEX (GA) - Globe #adROAS,cpc,United States,Samsung,Android 12
3e62263aea49dbd193c7a251ebd0e7c2,,,HEX (GA) - Globe #adROAS,cpc,Portugal,Samsung,Android 13
5e9ed87ce5b6f2d644993e1cbe96d4f1,,,,cpc,Australia,Samsung,Android 11
b28309e93a8c91389f2003cb37678a5b,,,HEX (GA) - Globe #adROAS,cpc,Ukraine,Samsung,Android 13
fe9fa6a14cfc8864f50a484db85ad09a,,,(direct),(none),Russia,Samsung,Android 13
697b28eedeb1a07a286e923eb679ca10,,,HEX (GA) - Globe #adROAS,cpc,Azerbaijan,Samsung,Android 14
6cfa358cb5b3ca392a2759bc964c786d,,,,cpc,France,Samsung,Android 14
71e1f00ac5a1e2a9ee94472bcb1ee19c,,,,cpc,France,Samsung,Android 14
a1cdaafffb1f90a7fba9eda95265c601,,,HEX (GA) - Globe #adROAS,cpc,Peru,Samsung,Android 14
f19a0bfad9dd14c1721aaa09ed9cec63,,,,organic,Brazil,Samsung,Android 14
40a209704a94e3cf4040810d3ed5d725,,,HEX (GA) - US #hybridROAS,cpc,United States,Samsung,Android 14
535febb667afc82dc22a23ed6e1c5269,,,fb4a,,United Kingdom,Samsung,Android 14
8cbd19a658dc138b0e30901df7245d7b,,,HEX (GA) - Globe #adROAS,cpc,United States,Samsung,Android 13
0c3f52ee10cbad8080ca3ed02ee05dc3,,,,organic,Russia,Samsung,Android 14
565d6e2755d58c294324c898771cc0a0,,,HEX (GA) - Globe #adROAS,cpc,Spain,Samsung,Android 14
b100cc4789b81000ea399f423aa9f518,,,,organic,Germany,Samsung,Android 13
d9682aa7c285465c0e7b875d76ed2e28,,,,organic,Russia,Samsung,Android 14
11d4aa7e107c6e64201c748eaf6867f3,,,,organic,Russia,Samsung,Android 14
d9ff93e74a09668213af4dd7fa3aaba9,,,HEX (GA) - Globe #adROAS,cpc,Iran,Samsung,Android 14
909852fb6c5074b32a76e8bc6578772f,,,,organic,Brazil,Samsung,Android 14
51659a195539e4de2f05b1dacb6bd6ac,,,,organic,Greece,Samsung,Android 14
7745b22fa0698de553b3fa09cc546554,,,,organic,Austria,Samsung,Android 14
741b25a9d40395c5fb580832f02c241b,,,HEX (GA) - Globe #adROAS,cpc,Brazil,Samsung,Android 14
2d54f1cd851be079eadef274eba807fc,,,,cpc,Poland,Samsung,Android 13
4ad1910e81a6a2be7434d9e501a02325,,,,organic,Philippines,Samsung,Android 14
9117cbf722883724555fc0b39dd31433,,,HEX (GA) - Globe #adROAS,cpc,Poland,Samsung,Android 14
da9194fa2737bdb304a835370f9857f6,,,(direct),(none),Belgium,Samsung,Android 14
e61d883a35f990e5656473b10b1e8d51,,,,organic,Germany,Samsung,Android 14
516f56ce1c55f81f62019263553101f6,,,(direct),(none),United States,Samsung,Android 14
5192607b83e29b04943bb527b32ca287,,,,organic,United States,Samsung,Android 14
07722fd35d7647b669d7f5df7e7a4c53,,,(direct),(none),United States,Samsung,Android 14
2e8fcb24e6db80cb95a9be2253066f65,,,,organic,Russia,Samsung,Android 14
683f09b1d59527c049bce07b31420ef5,,,(direct),(none),Australia,Samsung,Android 14
8e7d87e12be027c606726e207ff78b83,,,HEX (GA) - Globe #adROAS,cpc,Thailand,Samsung,Android 14
9841fa6bd8b1158b76f1d39d9b30190a,,,HEX (GA) - Globe #adROAS,cpc,Belarus,Samsung,Android 14
b9f68f5a35763113e7da9ca2ce26601a,,,,organic,Belarus,Samsung,Android 14
cfcdc5d0230fe56ea8b968d5013bad76,,,,cpc,Austria,Samsung,Android 14
2afb7bf11a5c44b4bd90f8d2a4be45cc,,,HEX (GA) - Globe #adROAS,cpc,Germany,Samsung,Android 14
9c21ae0912bbc93a286600337481abb2,,,HEX (GA) - Globe #adROAS,cpc,Portugal,Samsung,Android 14
a7c3a58dbfe0f2ca8781cc93163ce309,,,,organic,Poland,Samsung,Android 14
d00f6d4fd25b3089df967ad97e1676e5,,,,organic,Germany,Samsung,Android 14
796471216c4fe80e7db7b8ec16ce9f53,,,HEX (GA) - Globe #adROAS,cpc,Brazil,Samsung,Android 14
bf7aac313ac7d561be806c38356cc7fd,,,HEX (GA) - Globe #adROAS,cpc,Puerto Rico,Samsung,Android 14
1f1c3331665fe8b02db886d7bb72a87a,,,HEX (GA) - Globe #adROAS,cpc,United States,Samsung,Android 14
a76549ccff90491d4262ddae1d1aed80,,,(direct),(none),United States,Samsung,Android 14
a7d854fc0755f800338a5cd3c2095f6f,,,fb4a,,United States,Samsung,Android 14
e12bd1c7509846a18ad85fc13242031a,,,,organic,United States,Samsung,Android 14
1fcc59b62ab6aeb0e83b2f7c832d587b,,,HEX (GA) - T1 #hybridROAS,cpc,Germany,Samsung,Android 14
5885d3620684fed9ef470ac9dcdec66d,,,(direct),(none),Switzerland,Samsung,Android 14
fbcc473d8d72ac8f024c1ebca0f0af69,,,fb4a,,Germany,Samsung,Android 14
4905dcc62438bd26da32ca155a6a57bd,,,,cpc,United States,Samsung,Android 12
6f71133abf9454058d0121108804e73e,,,,organic,Poland,Samsung,Android 12
b5aecd092409a3ae838b84128816f8f4,,,HEX (GA) - Globe #adROAS,cpc,Uzbekistan,Samsung,Android 13
61690c41bb514478e13d8da994728fcf,,,,organic,Argentina,Samsung,Android 11
43e7b2a475e1cd0046ad87fb9bb0b215,,,HEX (GA) - Globe #adROAS,cpc,Portugal,Samsung,Android 13
63ed184cc14a68510ca7cc60c2040bd9,,,HEX (GA) - Globe #adROAS,cpc,Ukraine,Samsung,Android 12
73235b16d38fd6e9ced1622749b73dca,,,HEX (GA) - Globe #adROAS,cpc,South Korea,Samsung,Android 14
88f108cac6d7b8750a35b29bd9347657,,,,organic,South Korea,Samsung,Android 14
3e3f74b96e723c555b078488277f05be,,,,organic,Germany,Samsung,Android 14
7bb9822213a77e2b332fc2821ab05862,,,HEX (GA) - Globe #adROAS,cpc,Netherlands,Samsung,Android 14
7523152aa949544784a1ae7928cd29d3,,,HEX (GA) - Globe #adROAS,cpc,South Korea,Samsung,Android 14
a0fb15dd2cc8ef3eba8f131359bae668,,,,organic,South Korea,Samsung,Android 14
09f5eebd4f9c25ecc380085546a65fd5,,,,organic,Netherlands,Samsung,Android 14
be1960753389a5fc9bedfd7567ff5a74,,,,cpc,Germany,Samsung,Android 14
db8d900b638057b8abfaafc41c3b6e56,,,HEX (GA) - Globe #adROAS,cpc,Costa Rica,Samsung,Android 14
8edf9017c9b42bffdb728ada1134e444,,,,organic,Iran,Samsung,Android 11
4fb0f3f2ad05d1d811076b29cf51d68c,,,,organic,Russia,Samsung,Android 12
681a7d3b6a2ebe2cc778d72c3517eded,,,HEX (GA) - Globe #adROAS,cpc,France,Samsung,Android 12
4b317ece89f889ab28f1a3452ecde3f3,,,,organic,Mexico,Samsung,Android 12
3e16510623cda01bef8defee2a51c067,,,,organic,Poland,Samsung,Android 13
90de4c080689cba0509def89de1da543,,,,organic,Russia,Samsung,Android 13
7bc816ba66c2a7cbefd3e004663cf9d4,,,(direct),(none),South Korea,Samsung,Android 13
2f433b04e89c7b7faf83a9439998eaa6,,,,organic,Germany,Samsung,Android 13
790646a231203a324e6655b89a7c3ec8,,,,cpc,United States,Samsung,Android 13
b5491f9345a98ec5179fa114c090d151,,,,organic,Spain,Samsung,Android 14
d8688090b5d9c258afa27befecec005e,,,,organic,Italy,Samsung,Android 14
ef72301174a2dc0e0da74f87c15dd8e7,,,,organic,Spain,Samsung,Android 14
3d438de8073faa7e50779b2703871e0d,,,HEX (GA) - Globe #adROAS,cpc,Italy,Samsung,Android 14
64ce494491f596f70a5dc6101e39fccb,,,HEX (GA) - Globe #adROAS,cpc,Belgium,Samsung,Android 14
dd7d3a9140b0b373ab6c7f8aaff11a03,,,HEX (GA) - Globe #adROAS,cpc,Russia,Samsung,Android 14
fdc0101c4f684e1e6e3f3a634a26a421,,,,organic,Russia,Samsung,Android 14
28c3280afc0d037fdb5371ef65d96f54,,,HEX (GA) - Globe #adROAS,cpc,France,Samsung,Android 14
6346daf51c3df64c68b4807a8d1f9e07,,,,cpc,Germany,Samsung,Android 14
68b9efee8b0925087ddcc93ffd80ec8f,,,,organic,France,Samsung,Android 14
b4749fefd5c6fbc30d3d6b1faf659828,,,HEX (GA) - T1 #hybridROAS,cpc,France,Samsung,Android 14
d774d5ee43edb2c2fd6b679444fc529c,,,,organic,France,Samsung,Android 14
81859997bb3dd7cc5edaa9f55e4e1796,,,HEX (GA) - Globe #adROAS,cpc,Brazil,Samsung,Android 14
a27ffc9f42d45afb7c855c68f4205990,,,HEX (GA) - Globe #adROAS,cpc,South Korea,Samsung,Android 14
cc11f1b6e7973d71b12017515c66ee8f,,,(direct),(none),South Korea,Samsung,Android 14
50b14051647bd18205842b71b38f0782,,,,organic,Russia,Samsung,Android 14
53891e08baf54dd964e5a919684ed300,,,,organic,Italy,Samsung,Android 14
5e1843298a4386e5b964256b7ea1d43c,,,HEX (GA) - Globe #adROAS,cpc,New Zealand,Samsung,Android 14
673da2b114ce009edc964767305087d6,,,HEX (GA) - T1 #hybridROAS,cpc,United Kingdom,Samsung,Android 14
79541ed3ed7dfec47580d67c2b61b6b0,,,,organic,Germany,Samsung,Android 14
ab6476944a010463d3681f12c2722346,,,(direct),(none),Germany,Samsung,Android 14
c4de2bc5ebf618647740bb9e3da62e55,,,,organic,Brazil,Samsung,Android 14
cbf0c3fc93cafa76bbc8e8a91d905efc,,,,organic,Portugal,Samsung,Android 14
f7374a509e02666b80a8398629ca7f44,,,(direct),(none),Belgium,Samsung,Android 14
a511eab8ecd65a9411064b83c290b5fc,,,HEX (GA) - T1 #hybridROAS,cpc,South Korea,Samsung,Android 14
7bb536020466040ee97229e8a93786f6,,,,organic,United States,Samsung,Android 14
06400375266af82c71e6d0fba4433c43,,,,organic,Denmark,Samsung,Android 12
8e16df023682f5ad2797ccce6272bf89,,,HEX (GA) - Globe #adROAS,cpc,Azerbaijan,Samsung,Android 12
4e3d1f23e31f83195e5abd841a069ee9,,,HEX (GA) - Globe #adROAS,cpc,Thailand,Samsung,Android 12
701544fb0889865016cadd4a0425c4ac,,,HEX (GA) - Globe #adROAS,cpc,Poland,Samsung,Android 12
3aebebf0b603492f72954d66ee004444,,,,organic,United States,Samsung,Android 13
5edd72c72238d9ce7a61247bf5c8868e,,,,organic,France,Samsung,Android 11
c26063df31f84c46600810a852ed315d,,,HEX (GA) - Globe #adROAS,cpc,Kazakhstan,Samsung,Android 11
e7590730e44aa9777661d1943f698eac,,,HEX (GA) - Globe #adROAS,cpc,France,Samsung,Android 11
fb7848e16cd6b58a12d36e3513be7100,,,,organic,Russia,Samsung,Android 11
2b70995f2eb40ed667aecb5fb2c0c3fe,,,HEX (GA) - Globe #adROAS,cpc,Brazil,Samsung,Android 11
0b8bca8d28bfc7c64fdfdc5d0eb2f13d,,,,organic,Germany,Samsung,Android 10
ffaf783dc85e29b00d7ac9f8b13fe0c1,,,,organic,Indonesia,Samsung,Android 13
1771ec13d5dee51c1515fb900728ad8b,,,HEX (GA) - Globe #adROAS,cpc,Uzbekistan,Samsung,Android 12
2ec1867b2d2797f8d0f637e367626d18,,,,organic,Russia,Samsung,Android 14
45a4cd0d3bf3df77f8dab4c812165a06,,,,organic,Russia,Samsung,Android 14
5a128a62a61f39f7b2f3e9e3cce9c7e3,,,,organic,Russia,Samsung,Android 14
8ccb1cbeee1e8d96164e36fd01a982f9,,,,organic,Russia,Samsung,Android 14
66ba4fd9f68d01ccb140c54715c3df2b,,,HEX (GA) - Globe #adROAS,cpc,Brazil,Samsung,Android 14
afe36ae3112017b5c837258853741ba9,,,,organic,Brazil,Samsung,Android 13
bb73e8c71239af949f1442e498363739,,,(direct),(none),Czechia,Samsung,Android 14
18436deb7ce08e047aa7499bc1be7343,,,(direct),(none),Germany,Samsung,Android 14
3da85ddaedf6fbe8cc9674fd43012d32,,,,organic,Poland,Samsung,Android 14
8ac34b830d9f95f2716efc7e617a546b,,,fb4a,,Austria,Samsung,Android 14
a37d508a9b2d058820d8bf1029eeb4e9,,,,organic,France,Samsung,Android 14
a4b99cecb33a831b6c9af26a11e41878,,,fb4a,,Netherlands,Samsung,Android 14
992d4ee864224e3d56dcaeb8b58c2701,,,HEX (GA) - Globe #adROAS,cpc,Brazil,Samsung,Android 14
4290a1c00075b53b2964cdccb735e150,,,,organic,Norway,Samsung,Android 14
62862cd229738f122df100de66f8fa54,,,,organic,Hungary,Samsung,Android 13
f97739c61bc2343432cfab16e94257d1,,,HEX (GA) - T1 #hybridROAS,cpc,Germany,Samsung,Android 14
f9fb1acc8acf8580a82d6395bb0dd161,,,HEX (GA) - Globe #adROAS,cpc,Poland,Samsung,Android 14
1c2abc84b57524d46b7e749689d01ecd,,,,organic,Russia,Samsung,Android 14
26e9a6008834e26fd7fe1c33adca3139,,,HEX (GA) - Globe #adROAS,cpc,Brazil,Samsung,Android 14
eb6bfddf30b3f353c986bb6559c1c907,,,,organic,Russia,Samsung,Android 13
3a3e13f5a1986c385822f7c94c6d14b3,,,,organic,United States,Samsung,Android 14
a42ac93ac561528df78ce0fbe512a913,,,HEX (GA) - Globe #adROAS,cpc,Canada,Samsung,Android 14
c6676a8c18bb8b3fb2d9b0252ecbce8a,,,,organic,United Kingdom,Samsung,Android 14
2811086dbc73d9b6d701154a4393b8c3,,,,organic,Russia,Samsung,Android 14
4eaafd8cd1868a46d1f53511ba4ce94f,,,HEX (GA) - Globe #adROAS,cpc,Netherlands,Samsung,Android 14
b271a839a3a3e4d9eff492af7581b35c,,,,organic,Bangladesh,Samsung,Android 14
bc631a8fad4cf5fb8517c5277cf7294d,,,HEX (GA) - Globe #adROAS,cpc,Pakistan,Samsung,Android 14
f5dc0f296b7e25d5fc0003c1207b83bb,,,,organic,Thailand,Samsung,Android 14
fc48a6070a50336fd1678a330746ad71,,,,organic,Moldova,Samsung,Android 14
29a676df0dfc5c824e7bf980c23d9579,,,HEX (GA) - Globe #adROAS,cpc,Belarus,Samsung,Android 13
4450b9382bcb17ed7632dd3d7d81af0a,,,,organic,Russia,Samsung,Android 13
81741eeb481461fc8df940b1b660e23d,,,(direct),(none),Germany,Samsung,Android 13
d429e536e8b6c0d868b47dc0924ae18f,,,(direct),(none),Belgium,Samsung,Android 13
0bcc2fa8ba8fbbe15d9cdfe5fe7a79f5,,,fb4a,,United States,Samsung,Android 13
460060d05a07307f38b4df144feaa3b4,,,,cpc,Germany,Samsung,Android 14
fda0daeb39e749fb734c1faf40dd7b13,,,HEX (GA) - Globe #adROAS,cpc,Russia,Samsung,Android 14
693e074a983ff55bf28232266b5e4697,,,HEX (GA) - Globe #adROAS,cpc,Germany,Samsung,Android 9
404223ab7b0689d12ae9e8a4dd62f1be,,,(direct),(none),United States,Samsung,Android 14
d94ce3caf52405c3d152ce4a9c63f214,,,HEX (GA) - Globe #adROAS,cpc,Philippines,Samsung,Android 14
980219c3e50e2dd2fae893575cf867b6,,,HEX (GA) - Globe #adROAS,cpc,South Korea,Samsung,Android 12
a7419e74f8cd2a20e77c1fe8c7af5006,,,HEX (GA) - Globe #adROAS,cpc,South Korea,Samsung,Android 14
1e17375562290116c4a26924f0f4d834,,,HEX (GA) - T1 #hybridROAS,cpc,South Korea,Samsung,Android 14
da5d2635c51839b9a28ca9ba24f27e46,,,(direct),(none),South Korea,Samsung,Android 14
a1c13d03a87b109b6d65e27c21434933,,,,organic,United States,Samsung,Android 14
265dba829473845e689b24ee5f46c826,,,HEX (GA) - T1 #hybridROAS,cpc,South Korea,Samsung,Android 14
df4d026cd554580bee2694ecc56cab28,,,HEX (GA) - T1 #hybridROAS,cpc,South Korea,Samsung,Android 14
94dcd251972b8ba43210a00e79017c48,,,,organic,Canada,Samsung,Android 14
97309f3ce68733f7c2a64c66c9e4524d,,,HEX (GA) - Globe #adROAS,cpc,Philippines,Samsung,Android 14
5d2635c60bc002ecaef3287c2f99b9f0,,,HEX (GA) - T1 #hybridROAS,cpc,South Korea,Samsung,Android 14
0a0d1127f36baaaecbceefcb554c450d,,,ig4a,,France,Samsung,Android 14
94aeb195fb8eff4f6106ea8b95476518,,,HEX (GA) - US #hybridROAS,cpc,United States,Samsung,Android 14
e1c4241cdb2a703f7b85083bbfa56f2b,,,HEX (GA) - US #hybridROAS,cpc,United States,Samsung,Android 14
d583807e469ccff216213db8ce9bed1c,,,,organic,France,Samsung,Android 14
4594e16f6194f7fceec744a3789bba3e,,,(direct),(none),South Korea,Samsung,Android 14
5cf97d44dd05b9abb9ed4910de5a147d,,,,organic,South Korea,Samsung,Android 14
a3ca74ce4a0f345f1624440a7c2cce3d,,,(direct),(none),United States,Samsung,Android 13
074e4432a1ba5c46385c12d539d77a67,,,(direct),(none),Netherlands,Samsung,Android 14
75133208bae242f051dbc385b800d292,,,(direct),(none),Italy,Samsung,Android 13
088a3f5993e3e624898db3f190651d25,,,(direct),(none),Germany,Samsung,Android 13
98eeab49e3c87259c002d9ab0ab27d6d,,,,organic,Russia,Samsung,Android 13
fb9483a0f001b3ed324a16c76aea0e5f,,,,organic,Brazil,Samsung,Android 13
27ec4d93a1c2baea8392e7251317f75d,,,,organic,Russia,Samsung,Android 12
13602fa3ddd6c8db51b1a4888f480cc1,,,HEX (GA) - Globe #adROAS,cpc,Switzerland,Samsung,Android 13
33cb533abcf75a216930394957f3be66,,,,organic,United States,Samsung,Android 13
6b9592c2275da3ab82699b8459b5ead4,,,(direct),(none),United States,Samsung,Android 13
2937fc35377cc60bf1c9adc1e15492dc,,,(direct),(none),United States,Samsung,Android 13
2d58836a62ad02735255efd3fb937bee,,,(direct),(none),Canada,Samsung,Android 13
30671159cd07e5ae0484d35cadedb8bf,,,HEX (GA) - T1 #hybridROAS,cpc,Canada,Samsung,Android 13
6ad0432f6576615a0ac6d929b4ea288f,,,HEX (GA) - T1 #hybridROAS,cpc,Canada,Samsung,Android 13
c17d83d384ae6c7c909fbaf266905742,,,fb4a,,Canada,Samsung,Android 13
fdaa0b2b13d31d68cb32dd43509c68ff,,,HEX (GA) - T1 #hybridROAS,cpc,Canada,Samsung,Android 13
404d7d24c6390ae060c8ada4e4821bd0,,,,cpc,France,Samsung,Android 8.0.0
008c360112ac9742f63d71134c688d62,,,,organic,Switzerland,Samsung,Android 9
6bf874ff929bfea5b625b3c834442d7e,,,,organic,Norway,Samsung,Android 9
9477896d9e02e50d890765e205ac7c18,,,HEX (GA) - Globe #adROAS,cpc,France,Samsung,Android 9
1369ffe9f850fef74bc1e723ac72425a,,,HEX (GA) - Globe #adROAS,cpc,Canada,Samsung,Android 8.0.0
9a0b7a1eb3fbaa6c750af20915f7787b,,,(direct),(none),Germany,Samsung,Android 9
bb6cb9ee2ed85fc41494fd4083791021,,,HEX (GA) - US #hybridROAS,cpc,United States,Samsung,Android 9
ddbff04b079b2a2a1ce14966ba111b04,,,,cpc,New Zealand,Samsung,Android 10
3fb2311c0162ba5b5250b1767b302062,,,HEX (GA) - T1 #hybridROAS,cpc,South Korea,Samsung,Android 10
073367daaf929976412355a7a4715ce7,,,HEX (GA) - Globe #adROAS,cpc,Canada,Samsung,Android 10
46380ae2d30bb160dbc1197eb0689d42,,,HEX (GA) - Globe #adROAS,cpc,United Kingdom,Samsung,Android 10
5ea972a9d0e6ff8e288a3060923f93db,,,,organic,Russia,Samsung,Android 12
69f776ce5f99b163311a43979b3c846d,,,,organic,Romania,Samsung,Android 12
88b6dc917cac3093f3f2fd2bf14474a4,,,,organic,Brazil,Samsung,Android 12
46d592b8b219ed6086647ae66bc13422,,,,cpc,United States,Samsung,Android 12
07559625c4247f416d50a22ea9484277,,,,cpc,United States,Samsung,Android 12
d9feb45dff01662aab8856475f8604a5,,,fb4a,,United States,Samsung,Android 13
24488eb90daf017e457377e3403e66a8,,,(direct),(none),Germany,Samsung,Android 13
17714129c05852f1d02adbea6cc9468a,,,HEX (GA) - T1 #hybridROAS,cpc,South Korea,Samsung,Android 13
40365e7735051be628cec93f9288b2b2,,,HEX (GA) - Globe #adROAS,cpc,South Korea,Samsung,Android 13
00ad9a142e1c0cddd82a783b66e5e5d9,,,,organic,Belarus,Samsung,Android 13
ae4754a16a8392a29f14331843d18071,,,HEX (GA) - Globe #adROAS,cpc,Canada,Samsung,Android 14
1f1bcd402a6ca346bd03b23d77522600,,,(direct),(none),Canada,Samsung,Android 14
5729dac37fd192f9a60893f0848b2d37,,,(direct),(none),Germany,Samsung,Android 14
4c4f4116b0ded323c99d649337862e31,,,,cpc,Australia,Samsung,Android 14
f43364f6306e529332eedb06e61c2f2e,,,(direct),(none),United States,Samsung,Android 14
23d7572fa14f485523d4ba7e51eb5739,,,HEX (GA) - Globe #adROAS,cpc,Germany,Samsung,Android 14
45df416564a3aa15077bace1b29ca6c1,,,HEX (GA) - Globe #adROAS,cpc,Poland,Samsung,Android 14
6cc60f856cd0cb5219863cb96812bb88,,,,organic,Netherlands,Samsung,Android 14
901e0f773208c83a51f95efd3a3644c9,,,,organic,Poland,Samsung,Android 14
bd7f04095e16f18964cd6d318475da2b,,,HEX (GA) - Globe #adROAS,cpc,Czechia,Samsung,Android 14
c56f596bb76f608707f247951839896b,,,,organic,Sweden,Samsung,Android 14
e4e75b7d16d92c744402fb9d3b0235af,,,,organic,Poland,Samsung,Android 14
39478d11dce459220ef3d3a62495f4a4,,,HEX (GA) - Globe #adROAS,cpc,South Korea,Samsung,Android 14
64b0930c41968cdcc2b014f9fdc8c531,,,HEX (GA) - T1 #hybridROAS,cpc,South Korea,Samsung,Android 14
cff089983c03e80d7039a559d3d2b7ea,,,(direct),(none),Japan,Samsung,Android 14
fa632c6efee462fc46fe0a7a2a539a71,,,ig4a,,South Korea,Samsung,Android 14
090c96f851b32fbc0a606a6bca96dd70,,,HEX (GA) - T1 #hybridROAS,cpc,United States,Samsung,Android 14
479e499a0aa426efde65e1e0d9e598d1,,,(direct),(none),United States,Samsung,Android 14
e827246e5aa0c7a43308c9c994050fc3,,,(direct),(none),United States,Samsung,Android 14
aa57dde0e168f3eb34be1c246de0fc48,,,(direct),(none),Canada,Samsung,Android 14
eec1d7f4f202d7915c3c9c58669c7120,,,,organic,Colombia,Samsung,Android 14
efe382e670e084376eb92490d7d8d495,,,(direct),(none),United Kingdom,Samsung,Android 14
fc6acce45b1e4a0dc3e5a144686b2de0,,,(direct),(none),Australia,Samsung,Android 14
ed372851df7fe0c8425063494050beb4,,,(direct),(none),South Korea,Samsung,Android 14
0fd456b920c69d18d04eca2dfd8f3b0c,,,(direct),(none),Portugal,Samsung,Android 13
2e17c8430ea5878d3912f2da3c44649c,,,,organic,Germany,Samsung,Android 13
f4823ffc1fd6bfcebdd8426c84f593ea,,,,organic,Chile,Samsung,Android 14
51ec54cc9588b33e0e6550066c759f8e,,,HEX (GA) - T1 #hybridROAS,cpc,United States,Samsung,Android 14
982041e46e8a52ee59379664295361f1,,,(direct),(none),United States,Samsung,Android 14
a43fe9dd7b1436a287545aa96e679740,,,HEX (GA) - T1 #hybridROAS,cpc,United States,Samsung,Android 14
d2bee8b9ff7eb6af44cf9757e7fd6ae7,,,,organic,Vietnam,Samsung,Android 14
c58b75fc8d184f7e365fd978e58e20f8,,,,cpc,Germany,Samsung,Android 10
801990e9fb9278921f7435e895757b27,,,HEX (GA) - Globe #adROAS,cpc,Indonesia,Samsung,Android 10
f34fe2f1406ee02351dec3dfeb810528,,,,organic,Brazil,Samsung,Android 10
b9359350ffbc741d01bd7d5e55bc5616,,,,organic,Russia,Samsung,Android 10
c4393d4a3bf7aeda79889c85fea52c05,,,,organic,India,Samsung,Android 14
94f1dc2501c3e45043fcb3e502e173c2,,,,organic,Poland,Samsung,Android 14
68673b94ba5c235d7ba99fa6b72e6757,,,HEX (GA) - Globe #adROAS,cpc,Belarus,Samsung,Android 12
0a4c93121808f519397c7975bc415e79,,,,organic,Ukraine,Samsung,Android 13
b045256a155d31dac628726840cd3413,,,HEX (GA) - Globe #adROAS,cpc,Hungary,Samsung,Android 14
42cfe5de97c8e76fea950ba692e577a1,,,HEX (GA) - Globe #adROAS,cpc,Colombia,Samsung,Android 9
c60e778eaaf22d1b770e1b65ecd90a94,,,,organic,Russia,Samsung,Android 9
70fa1f101510a4a2fba8531132d1460c,,,HEX (GA) - T1 #hybridROAS,cpc,United States,Samsung,Android 9
443081770e776ab71d8670e2ad808cdf,,,(direct),(none),Canada,Samsung,Android 10
9ebd75d0337e04ead8e767bff88d2152,,,,organic,Russia,Samsung,Android 12
691465b3f564fa901f7128f561acbb41,,,HEX (GA) - T1 #hybridROAS,cpc,United States,Samsung,Android 12
ac8f6abb92e150d017520ba0851f38d9,,,HEX (GA) - T1 #hybridROAS,cpc,France,Samsung,Android 13
b11b86a5ba938de7013a4b2668d6252e,,,,organic,South Korea,Samsung,Android 13
c9f1227fb0950627fd41fa12d465e490,,,HEX (GA) - Globe #adROAS,cpc,South Korea,Samsung,Android 13
5c6b7608e1edd233ec77036186f7431c,,,HEX (GA) - T1 #hybridROAS,cpc,South Korea,Samsung,Android 13
68330588ddd6deaf80fd080ff50232a7,,,(direct),(none),United States,Samsung,Android 13
4563ccbdd856924718b05536f7baf483,,,HEX (GA) - T1 #hybridROAS,cpc,Japan,Samsung,Android 13
1595c1b4e934c5cb85e696628495ff2a,,,,organic,South Korea,Samsung,Android 11
78824f1579c050e743f348fd806262a3,,,,organic,Morocco,Samsung,Android 13
1338d75595dde1987784498c7531dfab,,,,organic,United Arab Emirates,Samsung,Android 14
b58461f2e530d66fd1a2f69db34b1559,,,HEX (GA) - Globe #adROAS,cpc,Spain,Samsung,Android 14
bad1eda77d4b248a97a8c9907bbbc0cb,,,HEX (GA) - US #hybridROAS,cpc,United States,Samsung,Android 14
1d4167e15e598f68cee9e034e52116df,,,(direct),(none),United States,Samsung,Android 14
21327e7ce33b0d9082f4b50c43c577da,,,HEX (GA) - US #hybridROAS,cpc,United States,Samsung,Android 14
e64dd4174cb21ec2ae1bdc18d4db7e97,,,(direct),(none),United States,Samsung,Android 11
00603dd92dddf0705c5b9635eee5572a,,,,organic,Vietnam,Samsung,Android 14
17a775c4eb11febbed9c130d70433aa2,,,HEX (GA) - Globe #adROAS,cpc,Iran,Samsung,Android 14
8d59207638b818f3b1a6871d32e177cd,,,(direct),(none),United States,Samsung,Android 14
91ac52d9775acc310f591b1c85be96b5,,,(direct),(none),Netherlands,Samsung,Android 14
f0aae9f64e7724721f0d3d8c9129ff57,,,HEX (GA) - T1 #hybridROAS,cpc,Australia,Samsung,Android 14
92c9bb5a0d1a5203e4c56a64aad95f34,,,HEX (GA) - Globe #adROAS,cpc,United States,Samsung,Android 14
9d5fad6267a1132c2e7cfdce9d057f44,,,ig4a,,United States,Samsung,Android 14
ea6f8e45552170fe5b3fa27feb4b06f9,,,HEX (GA) - Globe #adROAS,cpc,Mexico,Samsung,Android 14
0353ffba25c3cb3369f65bfd0b0131f5,,,(direct),(none),Switzerland,Samsung,Android 14
38eda0711fbd6f1edba773d482303cef,,,HEX (GA) - T1 #hybridROAS,cpc,France,Samsung,Android 14
5831ca3d9a01b925a366b6c8c37efd8f,,,(direct),(none),New Zealand,Samsung,Android 14
90980a266a99197ca108472e30a0907d,,,,organic,Netherlands,Samsung,Android 14
c23bafb5a5a2fd00884f639a87e1b00e,,,HEX (GA) - Globe #adROAS,cpc,Canada,Samsung,Android 14
94a9e6b94acd44bbce6e59b0637dbd32,,,,cpc,Germany,Samsung,Android 14
b97fd33d07a723186331f1f74569f76f,,,HEX (GA) - Globe #adROAS,cpc,Iceland,Samsung,Android 14
d1890e9d54c153ba26466461c26accfa,,,HEX (GA) - Globe #adROAS,cpc,Poland,Samsung,Android 14
1381c6d3166311ebc91e95dd3cd365b6,,,HEX (GA) - Globe #adROAS,cpc,South Korea,Samsung,Android 14
69772eeda19874abb726408bb187f94d,,,(direct),(none),South Korea,Samsung,Android 14
d7e3ae67a9be00e8b032c5d750de3496,,,HEX (GA) - T1 #hybridROAS,cpc,South Korea,Samsung,Android 14
6a7e1b780dda68ec347b8d57cd54b8a2,,,(direct),(none),United States,Samsung,Android 14
c068f086f57b673e24183ab0b0596b69,,,(direct),(none),United States,Samsung,Android 14
66bd55ff9de5b73360071c800f2a63f7,,,,cpc,Canada,Samsung,Android 14
8f692da396ee45fecde5bd6b5c50ee25,,,(direct),(none),Canada,Samsung,Android 14
92074cbd110efd38a03091aa3bc6ce4e,,,HEX (GA) - T1 #hybridROAS,cpc,South Korea,Samsung,Android 14
b8383c5b91174c1b7871fd45c245b36c,,,HEX (GA) - Globe #adROAS,cpc,Netherlands,Samsung,Android 14
873e15bc2521ca51afe928050987f7fb,,,(direct),(none),United States,Samsung,Android 14
c88baa4d3a9ccbb43cd6abf0e5cc5096,,,HEX (GA) - T1 #hybridROAS,cpc,United States,Samsung,Android 14
6b5db4becbcfa0eed286c10c9f4809f6,,,HEX (GA) - US #hybridROAS,cpc,United States,Samsung,Android 14
33944a04baa4c4680d5b8cc473c00d3c,,,,organic,Austria,Samsung,Android 13
4e3c53e59b482e370b515d64f99251e1,,,(direct),(none),United Kingdom,Samsung,Android 14
8547e0a632365797240b7a8f45835f7d,,,HEX (GA) - Globe #adROAS,cpc,Germany,Samsung,Android 14
a722c3839214bb16e0d5b4d684f78eb3,,,,organic,Ukraine,Samsung,Android 14
afa16f244b3603f57689530a7845a1e5,,,,organic,Czechia,Samsung,Android 14
72449278c91a4f8e13be54a63bfd0e8b,,,HEX (GA) - Globe #adROAS,cpc,Singapore,Samsung,Android 14
9c574304165a27fb5b065aecc1f63cbe,,,HEX (GA) - Globe #adROAS,cpc,New Zealand,Samsung,Android 12
ebde56ee78e40c6b5ecc2abd9c395878,,,HEX (GA) - Globe #adROAS,cpc,New Zealand,Samsung,Android 14
2e54472785dbbb043c20d2490282c2b9,,,HEX (GA) - T1 #hybridROAS,cpc,South Korea,Samsung,Android 14
4318b01d9e8cb165b2f3e097417798e0,,,HEX (GA) - Globe #adROAS,cpc,South Korea,Samsung,Android 14
4ed14e56bef2e52e6281a2d8c2ad6761,,,HEX (GA) - T1 #hybridROAS,cpc,South Korea,Samsung,Android 14
53b458bc5932dcbc0b074f39d57992c5,,,,organic,South Korea,Samsung,Android 14
87bca948218d8a166c222ed9b135d794,,,HEX (GA) - T1 #hybridROAS,cpc,South Korea,Samsung,Android 14
f50cf89a341dc014eab5e43268f3fa9c,,,HEX (GA) - T1 #hybridROAS,cpc,South Korea,Samsung,Android 14
09cc2af7e59b6f716a22ae0a08501096,,,,cpc,United States,Samsung,Android 14
57153065da09f2ae48bf81a9e4e9a8aa,,,(direct),(none),United States,Samsung,Android 14
57153065da09f2ae48bf81a9e4e9a8aa,,,(direct),(none),United States,Samsung,Android 14
687fd92717704be85fb7b775820f689f,,,(direct),(none),United States,Samsung,Android 14
836d7d503e4c30667407e1f1e460888b,,,,organic,United States,Samsung,Android 14
8fe2277e7f6cef35b26a5434616b5855,,,(direct),(none),United States,Samsung,Android 14
d89fbdb61798aaf8959847de2bf38584,,,fb4a,,United States,Samsung,Android 14
d9040cc598bdaa756261f7b06d49860b,,,(direct),(none),United States,Samsung,Android 14
16c09da0b54b14a215ac29a7e1819faa,,,,organic,Russia,Samsung,Android 14
1e17276950d9de90df77bf9004e6f9b3,,,,organic,France,Samsung,Android 14
2f59001acc433e865684feada0c87f02,,,HEX (GA) - Globe #adROAS,cpc,France,Samsung,Android 14
878f01e238039688b8c836aafaca2c86,,,HEX (GA) - Globe #adROAS,cpc,Brazil,Samsung,Android 14
c25e03d50bb5d999f797570a7c9e5427,,,(direct),(none),Germany,Samsung,Android 14
ca3c041f4711d88e0012b8ebeeea2ec9,,,ig4a,,Germany,Samsung,Android 14
66a74a7879c05addc1364c893d344afd,,,HEX (GA) - T1 #hybridROAS,cpc,South Korea,Samsung,Android 14
97b208a3f4276978190f90d94f3e967e,,,HEX (GA) - T1 #hybridROAS,cpc,South Korea,Samsung,Android 14
7f3285cb2a766370554f1325ead24e67,,,HEX (GA) - US #hybridROAS,cpc,United States,Samsung,Android 14
c7cb045f64dd9e4d1971fcfaef14a299,,,(direct),(none),United States,Samsung,Android 14
53c543e855e0a09f87dc5a26f2841f5a,,,HEX (GA) - T1 #hybridROAS,cpc,Canada,Samsung,Android 14
9917a7cc3927741dd90d70c2eea2564d,,,(direct),(none),Canada,Samsung,Android 14
9cf87bde7d34f51fbd872a2d8710c569,,,(direct),(none),Canada,Samsung,Android 14
ab083fefb58fde83e0dbfccd9c77a54c,,,(direct),(none),Canada,Samsung,Android 14
bfd1bcc9010b187421ab27071a752518,,,fb4a,,Canada,Samsung,Android 14
343a2f129207133e969e2b7c7506bca6,,,HEX (GA) - Globe #adROAS,cpc,Moldova,Samsung,Android 14
364a146eba947b186c63dbb943d2a318,,,(direct),(none),Norway,Samsung,Android 14
9d5726657fedc765cdece567226ab027,,,HEX (GA) - Globe #adROAS,cpc,Slovenia,Samsung,Android 14
a1ecbbd3d644413039eeab0f37342200,,,,cpc,Germany,Samsung,Android 14
82706518d31f1eff85536c511bb78ef9,,,(direct),(none),United States,Samsung,Android 14
4406da377f7175dce3b813e44ba27bd1,,,,organic,New Zealand,Samsung,Android 14
5ffe748278c66c2a526e31af3210f384,,,HEX (GA) - Globe #adROAS,cpc,Brazil,Samsung,Android 14
99e1d5d10b1fce895236327868075069,,,(direct),(none),New Zealand,Samsung,Android 14
9d830863370a06af4fb86d6f54a736cd,,,(direct),(none),United Kingdom,Samsung,Android 14
ac94c9421fe3ed381ae65504704c87b1,,,(direct),(none),Belgium,Samsung,Android 14
b4f0d351d41a0067cd007ef782a6d747,,,,cpc,Netherlands,Samsung,Android 14
c0ab1748766ed335c59cea91479dcaf2,,,HEX (GA) - Globe #adROAS,cpc,Belgium,Samsung,Android 14
1c38b9602ef7199a1314c6219c5aaf05,,,HEX (GA) - Globe #adROAS,cpc,United States,Samsung,Android 14
622d61f5d4c489ede43195a41447e76c,,,(direct),(none),United States,Samsung,Android 14
706bf82e310bb975466c2d7bb2801149,,,,organic,United States,Samsung,Android 14
806b0234e88ab0bbfad71b6804e1eda6,,,(direct),(none),United States,Samsung,Android 14
8b3fa5886f1694c4e2b09eec45f302cd,,,,organic,United States,Samsung,Android 14
96f1e1382af92bc2864d634d593c8679,,,ig4a,,South Korea,Samsung,Android 14
9a8fb64b632bda2f54f5396018480786,,,(direct),(none),United States,Samsung,Android 14
bfc26e1e2f99b7602a5dcddb1145616e,,,(direct),(none),South Korea,Samsung,Android 14
c7aa54a7ac4a097e79881a9bf9fd39b8,,,(direct),(none),South Korea,Samsung,Android 14
c7c9be005f5b28aabee18a2efd026db0,,,HEX (GA) - Globe #adROAS,cpc,South Korea,Samsung,Android 14
f817a68d7dab8088e5450b62f260548b,,,HEX (GA) - T1 #hybridROAS,cpc,South Korea,Samsung,Android 14
296abb5c443fb80640cdcd981e2e5505,,,ig4a,,France,Samsung,Android 14
ce90a221d92d31202ffa3423a3cd3647,,,(direct),(none),Canada,Samsung,Android 14
31a7cf31490047515e4147fbfd949f0c,,,HEX (GA) - T1 #hybridROAS,cpc,Australia,Samsung,Android 14
ab62de4dcb3143d5b4fb5b077063a00e,,,ig4a,,United Kingdom,Samsung,Android 14
c230653d393204ee19ce74d3fadeb236,,,,organic,Germany,Samsung,Android 14
daafb05abaf62327ebd80017dd90f1b9,,,ig4a,,Germany,Samsung,Android 14
e770d19e9efebc3f0e0443fdb358f7b1,,,(direct),(none),United Kingdom,Samsung,Android 14
f524e0e011b2d923a5d4ef6b30dfaa38,,,HEX (GA) - Globe #adROAS,cpc,South Korea,Samsung,Android 14
439df02383625e064ed312196d62bff8,,,HEX (GA) - Globe #adROAS,cpc,United States,Samsung,Android 14
460866f955e5bf6864ed20e328e8f1c4,,,HEX (GA) - US #hybridROAS,cpc,United States,Samsung,Android 14
5ba8f7fbd46b86b2ae355484b67887fe,,,ig4a,,United States,Samsung,Android 14
fd731fc123eec70e3e8aa713d7cb732b,,,(direct),(none),United States,Samsung,Android 14
351e8bee9a7e05aea64dff1595399cad,,,,organic,Russia,Samsung,Android 14
64ea3bb54b5032fba2b90c4bd7cd57bc,,,HEX (GA) - Globe #adROAS,cpc,South Korea,Samsung,Android 14
a110ebfe3a9ae91e9a4dadd8f445566f,,,(direct),(none),South Korea,Samsung,Android 14
e92c3544bdbf65a5d733dc416ea0eaef,,,HEX (GA) - T1 #hybridROAS,cpc,South Korea,Samsung,Android 14
eff2c3e3f16995edce6bbf08b92c312f,,,HEX (GA) - T1 #hybridROAS,cpc,South Korea,Samsung,Android 14
0287d2fed8a58cb9a147d70b1b6ae5fe,,,HEX (GA) - Globe #adROAS,cpc,United States,Samsung,Android 14
7314e728bc930997cc7b2e06e9229c35,,,,organic,United States,Samsung,Android 14
7917ddd8ff50ade83a58600f84e52289,,,,cpc,United States,Samsung,Android 14
8a96d105826b7ec5f0b5c70117af01e9,,,(direct),(none),United States,Samsung,Android 14
a3f0858d1472dc3218d01fd0378caa8e,,,(direct),(none),United States,Samsung,Android 14
a88ecbd777c8655262db2421464372c9,,,HEX (GA) - US #hybridROAS,cpc,United States,Samsung,Android 14
df6f1bdc62cc832f9f49975f353a15ad,,,ig4a,,United States,Samsung,Android 14
edccd62bdc13b4c4cdb02aaccee8daf6,,,(direct),(none),United States,Samsung,Android 14
8e6d41e6327e79229211ffd454fc552e,,,HEX (GA) - T1 #hybridROAS,cpc,Canada,Samsung,Android 14
ea2fdc587fd967dc48013bbbe1e03f7d,,,HEX (GA) - Globe #adROAS,cpc,Canada,Samsung,Android 14
3d731feda53cb1dc5cce265643ef1266,,,(direct),(none),United States,Samsung,Android 14
427b681a68a98877388d20588e78be7b,,,(direct),(none),Germany,Samsung,Android 14
4393dd9830dfc001ab763208fd8a3c69,,,HEX (GA) - Globe #adROAS,cpc,Mexico,Samsung,Android 14
4e14b1d2f629208b5a2db0ebbd9e6a0e,,,,organic,Russia,Samsung,Android 14
c4a7b63d7e6d23ecc352c62271425176,,,fb4a,,Germany,Samsung,Android 14
dedc61b35b08618740426ac4663ecabc,,,HEX (GA) - Globe #adROAS,cpc,Germany,Samsung,Android 14
e910c218e734dca95ff5ca16a228a597,,,,cpc,Bulgaria,Samsung,Android 14
584940a9f2943ddb578958c97ce52dd7,,,ig4a,,South Korea,Samsung,Android 14
5e368baf67c0e3e315388f7b9d4d7b14,,,HEX (GA) - Globe #adROAS,cpc,South Korea,Samsung,Android 14
65bec44f0856b8d32b30f8c1550f308d,,,HEX (GA) - T1 #hybridROAS,cpc,South Korea,Samsung,Android 14
018d92b0f30a24f71f9542f6329f5795,,,(direct),(none),United States,Samsung,Android 14
53f9c8e04a8573cfb4a8ab95ba2b61a6,,,(direct),(none),United States,Samsung,Android 14
6ad2026494a37e11541e9d686e42a790,,,,organic,United States,Samsung,Android 14
82518341bb88aea4b4d67f65c632ef60,,,(direct),(none),United States,Samsung,Android 14
8bf1cb03a7351f7d68086c9f571601bc,,,,cpc,United States,Samsung,Android 14
a2a35f12b078a9a9cdd2681d8b523c5b,,,(direct),(none),United States,Samsung,Android 14
b65b81d00c3c071ed7d330770680b94e,,,(direct),(none),United States,Samsung,Android 14
f60670551982a313b6e17f9bcdbbf086,,,(direct),(none),United States,Samsung,Android 14
fa5786b7e1df3e166b61cabf4747bc0d,,,(direct),(none),United States,Samsung,Android 14
64d631a0595d7dfdf3788dc21c0777b7,,,HEX (GA) - Globe #adROAS,cpc,Puerto Rico,Samsung,Android 14
83eb124dd39d0b5b96d7a963edea4ac2,,,ig4a,,Canada,Samsung,Android 14
8a5270d85cc8f580f1f1a7c458b29d68,,,(direct),(none),Canada,Samsung,Android 14
da7cbec390a0c2a8388047de205858d9,,,(direct),(none),Canada,Samsung,Android 14
941c777a2ab21b7cab65960c35e3726b,,,(direct),(none),Canada,Samsung,Android 14
3755702787dfb07b11dc3ca9aef0f495,,,HEX (GA) - Globe #adROAS,cpc,Pakistan,Samsung,Android 13
7457303cb7d49cbd33c628217698bd26,,,(direct),(none),Iran,Samsung,Android 13
a21a3ce0dda8bc1fc2157af9164830f8,,,HEX (GA) - US #hybridROAS,cpc,United States,Samsung,Android 12
c8126b28fd28d222af18f7aa567d9ca8,,,fb4a,,Belgium,Samsung,Android 14
7f5adab30189acc910edc4a356a11eda,,,,organic,Kazakhstan,Samsung,Android 14
7e248cbb78eaf04c3e6a0c9ee50ee1b8,,,(direct),(none),United States,Samsung,Android 14
9633390276de27eec22a8032c9447623,,,fb4a,,Australia,Samsung,Android 14
b81ff7d84255e01a66f068de5aed08b3,,,(direct),(none),Netherlands,Samsung,Android 14
bb93277b9a1386dd5f8267c7b12f9a4d,,,(direct),(none),United States,Samsung,Android 14
8a6c284ed0f8805f590924edc4001595,,,(direct),(none),United States,Samsung,Android 14
a455200fcde901fa1ceb4bc343321708,,,(direct),(none),Canada,Samsung,Android 14
1c14a493727cd25c4dfe309440ca7b10,,,HEX (GA) - Globe #adROAS,cpc,Puerto Rico,Samsung,Android 14
175f5590f6e3869083429feca09334f9,,,,organic,Portugal,Huawei,Android 10
a8d88e1c7165e6a4b00a308ed6ba9c38,,,HEX (GA) - T1 #hybridROAS,cpc,Japan,Sony,Android 10
0fc3d68a34d2a5b1336e448aab6ca4f5,,,HEX (GA) - Globe #adROAS,cpc,Japan,Sony,Android 10
8d7a6572fa6712ce418bd8ffdd71e2a1,,,,organic,Japan,Sony,Android 13
e3d0476ad684dbdd051075cdd66bd7d3,,,HEX (GA) - Globe #adROAS,cpc,Japan,Sony,Android 13
05488267a6e0c8203049adb6e04dc25c,,,ig4a,,Japan,Sony,Android 15
08371838f69ce1b7932921787fb93d1d,,,HEX (GA) - Globe #adROAS,cpc,Japan,Sony,Android 14
00327abf870ffdb8b23a3bcb440bc223,,,,organic,Japan,Sony,Android 14
37b6c14294ab3c67e859044c7f470968,,,HEX (GA) - T1 #hybridROAS,cpc,Japan,Sony,Android 10
344b8348963a1e1fd96ed9f508173a4c,,,HEX (GA) - Globe #adROAS,cpc,Japan,Sony,Android 10
6ed3201e9b3b1b6505260e7a47209782,,,,organic,Russia,Huawei,Android 10
98086cd5f4d60824368432babd50966a,,,,organic,France,Huawei,Android 10
589b5e3624f0c893382b5bfa1dd2ca72,,,HEX (GA) - Globe #adROAS,cpc,Colombia,Huawei,Android 9
86d8f29eb3d7a7e5d80290eaca864900,,,HEX (GA) - T1 #hybridROAS,cpc,United States,TCL,Android 13
047464c7deb2d3b903613a174a1a637c,,,(direct),(none),Australia,Lenovo,Android 10
08134545ad9e7c1eff96a10215191ef7,,,,organic,Russia,Lenovo,Android 12
16c5f4171536fc63d09b0e6632359ae6,,,,cpc,France,Lenovo,Android 12
985266f36ad2317f1be9057c84336730,,,HEX (GA) - Globe #adROAS,cpc,Türkiye,Lenovo,Android 12
e7bc97db9e6af2a896189f917988cf71,,,HEX (GA) - Globe #adROAS,cpc,Portugal,Lenovo,Android 12
0ab66b0a53510c19b8ebaeb472780168,,,HEX (GA) - Globe #adROAS,cpc,Poland,Lenovo,Android 14
05f50550c157a09ff75f204d559557c3,,,HEX (GA) - Globe #adROAS,cpc,Türkiye,Lenovo,Android 14
e24aa046e7189d39f127c7054a0a1c9e,,,,organic,Spain,Honor,Android 13
e38b75b0e84cb8fe7b044c8f2dcb113e,,,HEX (GA) - Globe #adROAS,cpc,Russia,Honor,Android 13
6caa38c93ab3aed91bbb64cce9b9f530,,,HEX (GA) - US #hybridROAS,cpc,United States,T-Mobile,Android 13
e9914cb7a19005835c8f34c22b478898,,,HEX (GA) - T1 #hybridROAS,cpc,United States,T-Mobile,Android 13
a4a9f986f4c1b67f6a693ae2ae940dc5,,,,organic,Poland,Blackview,Android 11
a75b2ca0b3f212204b147127a3e558aa,,,,organic,Russia,Blackview,Android 14
c81eba4897571c9e37d71e791814bb7c,,,HEX (GA) - T1 #hybridROAS,cpc,France,Blackview,Android 14
312c4dd33a6d7f4ca76368e4706952d7,,,HEX (GA) - Globe #adROAS,cpc,Belarus,DOOGEE,Android 12
997f4399d6a779f72406f007f6e8ecd3,,,(direct),(none),Vietnam,Vivo,Android 9
0b1dab2215911bc3ed229c46adcb59e8,,,,organic,Russia,Vivo,Android 13
1832763a53959588e974d89f4d6010b2,,,HEX (GA) - Globe #adROAS,cpc,Indonesia,Vivo,Android 11
bcfed1aa9d6455ea7f1d87d584b18fd0,,,(direct),(none),Indonesia,Vivo,Android 11
c710d57b35d694f2c6464c06a5b5772a,,,HEX (GA) - Globe #adROAS,cpc,Indonesia,Vivo,Android 13
bbe2554205237e7f48cd500186c334fb,,,HEX (GA) - Globe #adROAS,cpc,Kazakhstan,Vivo,Android 13
1d941709afffdb923091ade354409182,,,,cpc,Taiwan,Vivo,Android 14
2eedac59819e329a1594f771d3d8acab,,,HEX (GA) - Globe #adROAS,cpc,Indonesia,Vivo,Android 14
86d8debca3462e0e44c3b56f4bbf42d8,,,HEX (GA) - Globe #adROAS,cpc,Indonesia,Vivo,Android 11
165328ec76f6b82817c5b6dab5aab012,,,,organic,Russia,Vivo,Android 14
7e8c28e816f3269ffe3aa5b328286ab4,,,(direct),(none),Indonesia,Vivo,Android 12
b100a24d97716ad694c251a2bb73e2b2,,,,organic,Indonesia,Vivo,Android 14
56507ca8693f1c65c7faacf59c22b55f,,,HEX (GA) - Globe #adROAS,cpc,Kazakhstan,Vivo,Android 14
00f860560cb701aa7812293e7703eaba,,,(direct),(none),Taiwan,Vivo,Android 15
1332d00e49457ba6a7feec6f927da8c0,,,,organic,Russia,Vivo,Android 14
f30347eb9c0078c4fa7a4a0e933da8c6,,,,organic,Türkiye,Casper,Android 6.0
4a47b3373dd42dc563892d361fe4e0ac,,,fb4a,,United Kingdom,Huawei,Android 10
09f65afe4e2b7dc6f5a4c8ab015c3c5a,,,,cpc,Germany,Huawei,Android 10
1ebf6834945cba66f938e17acecded60,,,,cpc,Sweden,Huawei,Android 10
37a70a495bf50473a426316011792204,,,,cpc,Poland,Huawei,Android 10
6f74d4cc51f0ff0184a127cf50d1e8fe,,,HEX (GA) - Globe #adROAS,cpc,Colombia,Honor,Android 14
dd1decc1dbc6a8f05b7950e261f1b309,,,,organic,Russia,Oukitel,Android 13
df1d4400861d523b6c4791c902159903,,,,organic,Iraq,Infinix,Android 13
dfdbb872401b7d2f9789204a1fd1b512,,,(direct),(none),Philippines,Infinix,Android 13
310f21313528a924516cab155fc8a8f8,,,HEX (GA) - Globe #adROAS,cpc,Indonesia,Infinix,Android 13
6b1f88b0109bc41bd7a71ac5d29b626f,,,,organic,Philippines,Infinix,Android 14
c6bd4d959ad3f49d38ba7bf2d54100b1,,,HEX (GA) - Globe #adROAS,cpc,Ukraine,Infinix,Android 14
392a839f00258375cde0f4db7ca50722,,,,organic,Russia,Infinix,Android 12
65fd1ab259f069329eb4653d1ea4321e,,,,organic,Russia,Infinix,Android 12
bb92fdc94ea838e9bd42d4ff865fc3f7,,,,organic,Russia,Infinix,Android 13
6b69899ec41fd950315ac16508d783af,,,,organic,Montenegro,Infinix,Android 12
77a75ab35a2d62618aca09ce8f5199dd,,,HEX (GA) - Globe #adROAS,cpc,Philippines,Infinix,Android 11
827e32e6d0c620e810aeb68740acab06,,,,organic,Jordan,Infinix,Android 11
75aceb030ccd75095d0a7b3b062b1571,,,(direct),(none),Russia,Infinix,Android 12
3f185677a844948d1a37840309781e8d,,,,organic,Thailand,Infinix,Android 13
e2431ff8f2247c89562bc514d1d0547a,,,,organic,Russia,Infinix,Android 13
ee63c8cbd966f999df97c259693d39fd,,,HEX (GA) - Globe #adROAS,cpc,Ukraine,Infinix,Android 13
02ddbccb96d3aa59e7993a3330fdcc2f,,,,organic,Poland,Infinix,Android 13
384af2b6182f7aeac800628785395bb2,,,,organic,Belarus,Infinix,Android 14
d5ddbcf635f4f3596f954ef9d65dae04,,,,organic,Russia,Infinix,Android 14
d03dfe50fadfc9de2849779613b761a9,,,,organic,Russia,Infinix,Android 13
160db42b5d4d8b70ddcf4ab140ee1445,,,HEX (GA) - Globe #adROAS,cpc,Indonesia,Infinix,Android 14
c8b673c6a573e4e72dc018cb94666357,,,,organic,Russia,Infinix,Android 14
8db0930458bb4a1532404623a1ee2c66,,,HEX (GA) - Globe #adROAS,cpc,Indonesia,Infinix,Android 14
f39e9521520363270307e1bf13a415d5,,,HEX (GA) - Globe #adROAS,cpc,Germany,Infinix,Android 14
90b72b2a080574d7a7e3c75f145859fa,,,,organic,Iraq,Infinix,Android 10
969c8f12cbc889799790999109a3b029,,,(direct),(none),Russia,Infinix,Android 14
850399b508ef514c5b4a8c9742bd01aa,,,HEX (GA) - Globe #adROAS,cpc,Belarus,Infinix,Android 11
d1d7f9c37334417f1008a838bf218177,,,,organic,Russia,Infinix,Android 11
6ad8f11b2ad61895aff81c0677b7fc8a,,,,organic,Japan,Xiaomi,Android 13
35fb0e8383dd70479225bfd60d675ada,,,,organic,Netherlands,Sony,Android 12
35fb0e8383dd70479225bfd60d675ada,,,,organic,Netherlands,Sony,Android 12
35fb0e8383dd70479225bfd60d675ada,,,,organic,Netherlands,Sony,Android 12
35fb0e8383dd70479225bfd60d675ada,,,,organic,Netherlands,Sony,Android 12
35fb0e8383dd70479225bfd60d675ada,,,,organic,Netherlands,Sony,Android 12
35fb0e8383dd70479225bfd60d675ada,,,,organic,Netherlands,Sony,Android 12
57243db3020733a65a33a0c1f53056ea,,,HEX (GA) - T1 #hybridROAS,cpc,Japan,Sony,Android 14
7a98352be32a45bb9e2cd43eb3865d64,,,HEX (GA) - T1 #hybridROAS,cpc,Japan,Sony,Android 14
0f4d201e6bcedf2ffeb57e938d6d5586,,,,organic,Spain,Motorola,Android 14
1d90cd8fb100e093a2bc78cb1b0e5062,,,HEX (GA) - Globe #adROAS,cpc,Slovakia,Motorola,Android 14
483ae3161901b3fafa643d9e23a9a3fa,,,,organic,Slovakia,Motorola,Android 14
9aa265fb02eeacdf8c8f1a3c784bc32f,,,HEX (GA) - Globe #adROAS,cpc,Brazil,Motorola,Android 14
f2ebfff5a4e9e2fd698e4ca8a3cd651f,,,HEX (GA) - Globe #adROAS,cpc,Poland,Huawei,Android 10
f6dea8f6f446375790a37407425567ae,,,,cpc,Germany,Huawei,Android 10
0f4be18e37dfb85e33249f906aea7469,,,,organic,Brazil,Asus,Android 9
4e14bcbd420828f8eb62563311517bcc,,,HEX (GA) - Globe #adROAS,cpc,United States,Vortex,Android 13
84CA92EAFAA64412814CAA9BD1FB75F3,,,(direct),(none),Norway,Apple,iOS 18.3
7F5A91CE634F44CD9B575E76F67F7DAA,,,(direct),(none),United States,Apple,iOS 16.6
D5BCCE1DB85541F9A36D4E3B4036C297,,,(direct),(none),Germany,Apple,iOS 18.3
DF37377ABF1F4F87AE125B5C6628A008,,,(direct),(none),United States,Apple,iOS 16.1.1
8D175E1DD3E541A19E8687AA01B86E84,,,(direct),(none),United States,Apple,iOS 16.7.10
2980F98729724135B397DB80C5106EAD,,,(direct),(none),United States,Apple,iOS 16.1.1
5A3B9D6FB6174223A4A844972160CB72,,,(direct),(none),South Africa,Apple,iOS 17.7.1
A19C370C3F004A299881BAA021A317E5,,,(direct),(none),United Kingdom,Apple,iOS 18.3
BBBF017055034CA49BB5F9AD90461036,,,(direct),(none),United States,Apple,iOS 18.3
05A52898E3FA4B9CB4B8FDEE47BE92A1,,,(direct),(none),United States,Apple,iOS 18.3
098534B9C0C641398AE73301FAC8DDAF,,,(direct),(none),Thailand,Apple,iOS 18.3
1E27BA0B8EB34BB3B4DF6593F3B19DE1,,,(direct),(none),United States,Apple,iOS 18.3
76A72E81B8BA4DA88D92DCFE460036C5,,,(direct),(none),Ukraine,Apple,iOS 15.6
D046E4F2F89244F3A3C5535D82FD3E23,,,(direct),(none),Poland,Apple,iOS 18.1.1
DB5CC91ED27C415CA36EF362CCA0483A,,,(direct),(none),Belgium,Apple,iOS 18.3
0A753DCE57BF49D58FC32CFF97C4D2AB,,,(direct),(none),Singapore,Apple,iOS 18.3
1EA5F07283994E99AB0F1D0EA895AB92,,,(direct),(none),United States,Apple,iOS 18.3
3AB539543159449098AE3FB983E96B11,,,(direct),(none),Netherlands,Apple,iOS 18.1.1
428FD44129674DB4B204DD09451F9340,,,(direct),(none),Canada,Apple,iOS 18.3
592375323E9B4B41900217A7B02D1ED9,,,(direct),(none),Japan,Apple,iOS 18.3
60338184AA9B4B19ADBF73C20AD18F8F,,,(direct),(none),France,Apple,iOS 18.1.1
73EB2106AF984E7790CFBCDF7499B341,,,(direct),(none),United States,Apple,iOS 18.3
85A350DDE27343F9B79B30CC71BA1CF6,,,(direct),(none),Belgium,Apple,iOS 18.0.1
8E4FC452AF594F66BC5497FEA1F5EF99,,,(direct),(none),United States,Apple,iOS 18.2.1
B15E0A78DCA948F395BE8E96D27DEDB9,,,(direct),(none),Russia,Apple,iOS 18.3
E2407AF28B924BF6BAB8AF13000FDE73,,,(direct),(none),United Kingdom,Apple,iOS 18.1
E4CCD57129594FF187D8169F19DD713B,,,(direct),(none),France,Apple,iOS 18.2.1
F36C508E548341DDAD73B21A50E709FB,,,(direct),(none),Germany,Apple,iOS 18.2.1
02F8E281EF5E458D98EFE6A8B5FCD8F6,,,(direct),(none),Brazil,Apple,iOS 18.0.1
0A3653C9E96944B79ECDE8FC3542F21D,,,(direct),(none),France,Apple,iOS 18.1.1
0BF63996F4D14BD4BB91E69BCFD94B22,,,(direct),(none),Egypt,Apple,iOS 16.6.1
101EE12A84B04634A2A710AB0414D8D2,,,(direct),(none),France,Apple,iOS 17.6.1
20E42FC6DAD242419056F60D6CCB3C42,,,(direct),(none),Brazil,Apple,iOS 17.5.1
2E6DCBDEEFDF4DC1A01E48B7AEDF9424,,,(direct),(none),United Kingdom,Apple,iOS 18.1.1
346E22D3E0974CD8A69508FBE8C8D73B,,,(direct),(none),Argentina,Apple,iOS 17.6.1
50ADE2D96D084578B660A08C3A10DE66,,,(direct),(none),Brazil,Apple,iOS 17.3.1
555141C6F4A240638F02F27EB1F173B0,,,(direct),(none),Russia,Apple,iOS 18.0.1
6F943F480AD0446C8310E832CE615C2E,,,(direct),(none),Brazil,Apple,iOS 17.3.1
6F9E515C5BD14DE88A3C6B353E6A1300,,,(direct),(none),Russia,Apple,iOS 17.5.1
73414DC7AA014638934A9DCDC1385DC5,,,(direct),(none),Canada,Apple,iOS 18.1.1
9CAAF472CC284E609262324471EB97CD,,,(direct),(none),Russia,Apple,iOS 17.5.1
9EAE5F80B0BE4112B95DC1EC4499A273,,,(direct),(none),Russia,Apple,iOS 18.3
A8DE0C319C724B25B65499831E9E9E2A,,,(direct),(none),Australia,Apple,iOS 16.6.1
F23DE1761C29471287EE8D9DB61A3009,,,(direct),(none),Brazil,Apple,iOS 18.3
B4C298D3762A46969BC5B432C6240EC3,,,(direct),(none),Russia,Apple,iOS 17.6.1
6A6D6FD34F7A41409A63FDD928A76D75,,,(direct),(none),United Kingdom,Apple,iOS 17.3.1
966908360A064D6DBF3FEB4DE05BC1AC,,,(direct),(none),Taiwan,Apple,iOS 17.7.2
075CE016011349209AF52068736C4A8C,,,(direct),(none),United States,Apple,iOS 18.3
707D6D3F9D3941C892E288D65918AAE5,,,(direct),(none),United Kingdom,Apple,iOS 18.3
9068DF62AD4245FC8FCA1146E34ABA29,,,(direct),(none),Sweden,Apple,iOS 18.1.1
EF532B28B9F146E6A7EEF0A069266445,,,(direct),(none),United States,Apple,iOS 18.1.1
4F21DE8F6974400A832BD8FAB74925D2,,,(direct),(none),Germany,Apple,iOS 16.5.1
A38333B81CF5403A8CD8CDBA288E5C04,,,(direct),(none),Azerbaijan,Apple,iOS 18.1
EBFE5A4C48B9429A91946ECB83D78EE8,,,(direct),(none),United Kingdom,Apple,iOS 18.1.1
1E290779BD3E435DA9387A156463F6AB,,,(direct),(none),United States,Apple,iOS 18.3
C9F490E663914453BACDC9BF5E41C163,,,(direct),(none),United States,Apple,iOS 18.1.1
B285C4456B9448CEAB9A6D6D51A4B701,,,(direct),(none),Russia,Apple,iOS 18.1.1
07C8DF4800DB4AE8AD41D4678D5FD2B2,,,(direct),(none),Poland,Apple,iOS 18.0.1
08084EE27FA24244BBDA0C82A6046B1F,,,(direct),(none),Italy,Apple,iOS 18.3
0AFA7D23FC4D4F53B82207E798397537,,,(direct),(none),France,Apple,iOS 17.5.1
6263632092764822821AC2211CCF5B1D,,,(direct),(none),Kazakhstan,Apple,iOS 18.1.1
84449BCA3EBC44EE9BDD8A39D1CF7259,,,(direct),(none),Netherlands,Apple,iOS 18.3
866A5A5CCE964F95B26ECD87EDDD52E9,,,(direct),(none),France,Apple,iOS 18.3
8CA6B3339D5744E18ECFA3DD7BA99A35,,,(direct),(none),Brazil,Apple,iOS 17.7
8D21F692984C404A9D9EEB3C619C48AB,,,(direct),(none),Poland,Apple,iOS 18.3
AEF264309E2F4EF58832A123B1AFA47D,,,(direct),(none),Azerbaijan,Apple,iOS 18.3
DB3D949F46F5416DBE0B602DB1842EF5,,,(direct),(none),Germany,Apple,iOS 18.1.1
E9453E05AF084DF0B05A47A743FBB783,,,(direct),(none),Netherlands,Apple,iOS 17.0
AA911110148F494884EB905184A8BF70,,,(direct),(none),United States,Apple,iOS 17.6.1
CDE082EFB70E4201B02991A17FDB5AC5,,,(direct),(none),United States,Apple,iOS 18.1.1
4DBDFC9AC62743649D8AEE16FE9CF72B,,,(direct),(none),United States,Apple,iOS 17.6.1
1F237A06C1864705BA500101279D6FC2,,,(direct),(none),Japan,Apple,iOS 18.3
35020BBDDCC14930AA758BAB3E6C89B1,,,(direct),(none),United States,Apple,iOS 18.1.1
807FCB248A9441B6BCE642C915A914B9,,,(direct),(none),Netherlands,Apple,iOS 18.3
988F566C285B4280BC72A971D633E0C0,,,(direct),(none),Germany,Apple,iOS 18.0.1
FE575781C201414EBA265521C4A3D7DC,,,(direct),(none),Hungary,Apple,iOS 18.3
0253B5727AB04EAFB9D434E40A5A850B,,,(direct),(none),France,Apple,iOS 18.3
7C00DD86FFE94A1B89C90D36E074DBEA,,,(direct),(none),Canada,Apple,iOS 18.1.1
3068551578EE48CC91824F371E818108,,,(direct),(none),United States,Apple,iOS 18.3
5607178FF530471783A307D6412A2A7E,,,(direct),(none),Austria,Apple,iOS 18.3
97BB326CC87743BFA5A93E7A2D8BCCD7,,,(direct),(none),United Kingdom,Apple,iOS 17.5.1
6C31C0EB8F814CE4A4F2E871A1099007,,,(direct),(none),Belgium,Apple,iOS 18.3
9A07494161254CEAB3A98231CFE6EBC1,,,(direct),(none),Hungary,Apple,iOS 18.3
243B7032FB4949CF8D329A415EEE25AD,,,(direct),(none),United States,Apple,iOS 18.3
55D182CD0BE2479E925C0B1A2265A0F5,,,(direct),(none),Russia,Apple,iOS 18.0.1
6E24C590A7F84F6EA2BF74D92CDB7702,,,(direct),(none),France,Apple,iOS 18.3
89D7CBEE76C24059A65BBD3F789B8837,,,(direct),(none),Canada,Apple,iOS 18.3
C9CB0B2680A74D88BB536B8453E6597B,,,(direct),(none),Iceland,Apple,iOS 18.1.1
E08AD0D42F594BD4B5032EA7E127BE74,,,(direct),(none),Russia,Apple,iOS 18.0.1
F0397B14BB894DA898C6774B9B0285DF,,,(direct),(none),Russia,Apple,iOS 18.3
F83EEAB0BC29416986A234206F3BA02B,,,(direct),(none),United States,Apple,iOS 18.3
2B2CD5B8CD344DCF8BBE66B4B15684D1,,,(direct),(none),United States,Apple,iOS 18.3
3AAE308501F54F48A84AE803A86B4CC2,,,(direct),(none),United States,Apple,iOS 18.1.1
548ABB79F5AF4330A52BE9E4F7FE990C,,,(direct),(none),South Korea,Apple,iOS 18.3
2709F2E9E9E34E24B58A081C235A37D9,,,(direct),(none),Germany,Apple,iOS 18.3
5E87B3B89FD44260B3D56CA15D3D7396,,,(direct),(none),Russia,Apple,iOS 18.3
B4870900702D4154938B8F7900F02EB1,,,(direct),(none),United Kingdom,Apple,iOS 18.1.1
13B9FB63328441A987E9C1583BD6B442,,,(direct),(none),Portugal,Apple,iOS 18.3
5DA27B64A3F946FEAE5AFBA7A8EF0820,,,(direct),(none),United States,Apple,iOS 18.3
7B1A08CFB3C94D37AC915D0065590BC0,,,(direct),(none),Russia,Apple,iOS 18.2.1
6EFA9E226F74444D877715E4F221FC9E,,,(direct),(none),United States,Apple,iOS 15.8.3
86F1D657A8FF4F4182F94BD01C75A05A,,,(direct),(none),Vietnam,Apple,iOS 16.7.10
0EC66DFED4814BE6B770F179A1E73B91,,,(direct),(none),Denmark,Apple,iOS 15.6.1
FFB6AA4364774FB28E5B7FBB1CC9BFA0,,,(direct),(none),France,Apple,iOS 17.0.3
CAFC2308E1A64CB1A4F597016D7E6443,,,(direct),(none),Netherlands,Apple,iOS 18.0.1
E4D8C24A63CE44DE80D5CF749B5D9683,,,(direct),(none),Japan,Apple,iOS 18.1.1
BB91F2D20D0548738338A2A2F2702E04,,,(direct),(none),Pakistan,Apple,iOS 16.7.10
0CCB9B0ED9A54C169214E155118AEFDD,,,(direct),(none),Italy,Apple,iOS 18.3
77EBB68BE6F14143BEC10870EC87777F,,,(direct),(none),France,Apple,iOS 18.3.1
D4885A64C8F7483FAA3B0E28BE18D51C,,,(direct),(none),Switzerland,Apple,iOS 17.7
EA38B43FDA834D3488D11C254A0C1D1E,,,(direct),(none),Portugal,Apple,iOS 18.1.1
60540e12fc49a0398bd4c7c65d0a2f06,,,(direct),(none),Canada,Motorola,Android 14
ce8214091e5a33ce176d8c031ca8ab39,,,(direct),(none),United States,Motorola,Android 14
d53fd9ad5ffaffbf9adebf630709f1b7,,,HEX (GA) - T1 #hybridROAS,cpc,United States,Motorola,Android 14
3bdda334e8e2215ce81ef82a81c99691,,,,organic,Netherlands,Motorola,Android 12
6e3f5a21dad0df9404f68554b57af782,,,,organic,Argentina,Motorola,Android 14
b2b2d75901c86e138355d8d23a4c73d8,,,,organic,Costa Rica,Motorola,Android 12
